-- --------------------------------------------------------
-- Host:                         127.0.0.1
-- Server version:               10.4.27-MariaDB - Source distribution
-- Server OS:                    Linux
-- HeidiSQL Version:             12.8.0.6908
-- --------------------------------------------------------

/*!40101 SET @OLD_CHARACTER_SET_CLIENT=@@CHARACTER_SET_CLIENT */;
/*!40101 SET NAMES utf8 */;
/*!50503 SET NAMES utf8mb4 */;
/*!40103 SET @OLD_TIME_ZONE=@@TIME_ZONE */;
/*!40103 SET TIME_ZONE='+00:00' */;
/*!40014 SET @OLD_FOREIGN_KEY_CHECKS=@@FOREIGN_KEY_CHECKS, FOREIGN_KEY_CHECKS=0 */;
/*!40101 SET @OLD_SQL_MODE=@@SQL_MODE, SQL_MODE='NO_AUTO_VALUE_ON_ZERO' */;
/*!40111 SET @OLD_SQL_NOTES=@@SQL_NOTES, SQL_NOTES=0 */;

-- Dumping structure for table harispos.keuangan
CREATE TABLE IF NOT EXISTS `keuangan` (
  `id_keuangan` bigint(20) NOT NULL AUTO_INCREMENT,
  `tanggal` timestamp NOT NULL DEFAULT current_timestamp(),
  `tabel` varchar(50) DEFAULT NULL,
  `id_trans` bigint(20) DEFAULT NULL,
  `id_metode_pembayaran` int(11) DEFAULT NULL,
  `total_trans` bigint(20) DEFAULT NULL,
  `keterangan` text DEFAULT NULL,
  PRIMARY KEY (`id_keuangan`)
) ENGINE=InnoDB AUTO_INCREMENT=21 DEFAULT CHARSET=utf8mb4 COLLATE=utf8mb4_general_ci;

-- Dumping data for table harispos.keuangan: ~17 rows (approximately)
INSERT INTO `keuangan` (`id_keuangan`, `tanggal`, `tabel`, `id_trans`, `id_metode_pembayaran`, `total_trans`, `keterangan`) VALUES
	(1, '2024-10-04 09:52:02', 'pembelian', 2, 1, 15500, NULL),
	(2, '2024-10-04 09:55:17', 'pembelian', 3, 1, 77500, NULL),
	(3, '2024-10-04 09:57:23', 'pembelian', 4, 1, 50000, NULL),
	(4, '2024-10-04 20:27:31', 'pembelian', 5, 1, 77500, NULL),
	(5, '2024-10-04 20:39:19', 'pembelian', 6, 1, 110000, NULL),
	(6, '2024-10-04 20:47:18', 'pembelian', 7, 1, 15500, NULL),
	(7, '2024-10-04 20:48:36', 'pembelian', 8, 1, 15500, NULL),
	(8, '2024-10-04 20:49:34', 'pembelian', 9, 1, 50000, NULL),
	(9, '2024-10-04 20:53:41', 'pembelian', 11, NULL, 20000, NULL),
	(10, '2024-10-04 20:54:49', 'pembelian', 12, 1, 20000, NULL),
	(12, '2024-10-04 20:56:48', 'penjualan', 14, 1, 5000, NULL),
	(13, '2024-10-07 13:33:33', 'pembelian', 15, 1, 155000, NULL),
	(14, '2024-10-07 07:04:25', 'pembelian', 16, 1, 33000, NULL),
	(15, '2024-10-07 07:55:29', 'pembelian', 17, 1, 350000, NULL),
	(16, '2024-10-08 06:10:45', 'pembelian', 18, 1, 165000, NULL),
	(17, '2024-10-08 06:22:40', 'pembelian', 19, 1, 167000, NULL),
	(18, '2024-10-08 06:23:30', 'pembelian', 20, 1, 100000, NULL),
	(19, '2024-10-08 06:24:49', 'pembelian', 21, 1, 100000, NULL),
	(20, '2024-10-08 06:30:13', 'pembelian', 22, 1, 165000, NULL);

-- Dumping structure for table harispos.metode_pembayaran
CREATE TABLE IF NOT EXISTS `metode_pembayaran` (
  `id_metode_pembayaran` int(11) NOT NULL AUTO_INCREMENT,
  `nama_metode_pembayaran` varchar(50) DEFAULT NULL,
  `bank` varchar(50) DEFAULT NULL,
  `no_rekening` varchar(50) DEFAULT NULL,
  `deleted` int(1) DEFAULT 0,
  PRIMARY KEY (`id_metode_pembayaran`)
) ENGINE=InnoDB AUTO_INCREMENT=4 DEFAULT CHARSET=utf8mb4 COLLATE=utf8mb4_general_ci;

-- Dumping data for table harispos.metode_pembayaran: ~2 rows (approximately)
INSERT INTO `metode_pembayaran` (`id_metode_pembayaran`, `nama_metode_pembayaran`, `bank`, `no_rekening`, `deleted`) VALUES
	(1, 'cash', NULL, NULL, 0),
	(2, 'dana', NULL, NULL, 0),
	(3, 'tranfer BNI', 'BNI', '123123123', 0);

-- Dumping structure for table harispos.m_item
CREATE TABLE IF NOT EXISTS `m_item` (
  `id_item` int(11) NOT NULL AUTO_INCREMENT,
  `barcode` varchar(200) DEFAULT NULL,
  `nama_item` varchar(50) DEFAULT NULL,
  `id_kategori` int(11) DEFAULT NULL,
  `satuan` varchar(5) DEFAULT NULL,
  `harga_beli` int(11) DEFAULT NULL,
  `harga_jual` int(11) DEFAULT NULL,
  `foto` varchar(200) DEFAULT NULL,
  `document` varchar(50) DEFAULT NULL,
  `keterangan` text DEFAULT NULL,
  `hitung_stock` int(1) NOT NULL DEFAULT 1,
  `deleted` int(1) NOT NULL DEFAULT 0,
  PRIMARY KEY (`id_item`)
) ENGINE=InnoDB AUTO_INCREMENT=114 DEFAULT CHARSET=utf8mb4 COLLATE=utf8mb4_general_ci;

-- Dumping data for table harispos.m_item: ~12 rows (approximately)
INSERT INTO `m_item` (`id_item`, `barcode`, `nama_item`, `id_kategori`, `satuan`, `harga_beli`, `harga_jual`, `foto`, `document`, `keterangan`, `hitung_stock`, `deleted`) VALUES
	(1, '123123123123', 'rokok toppas', 1, 'pcs', 13000, 14000, NULL, NULL, 'asdaf', 1, 0),
	(2, '123412341234', 'mie sedap goreng', 2, 'pcs', 2500, 3000, NULL, NULL, '', 1, 0),
	(103, '456456456456', 'saus abc pedas', 0, 'pcs', 5000, 6500, NULL, NULL, '', 1, 0),
	(104, '', 'rokok surya', 1, 'pcs', 21000, 22000, NULL, NULL, '', 1, 0),
	(105, '', 'rokok dji sam soe', 1, 'pcs', 15000, 17000, NULL, NULL, '', 1, 0),
	(106, '', 'saus abc extra pedas', 5, 'pcs', 6000, 6500, NULL, NULL, '', 1, 0),
	(107, '', 'kecap bango', 6, 'pcs', 7000, 8000, NULL, NULL, '', 1, 0),
	(108, '', 'kecap abc', 6, 'pcs', 5000, 6000, NULL, NULL, '', 1, 0),
	(109, '', 'kecap abc', 6, 'pcs', 5000, 6000, NULL, NULL, '', 1, 0),
	(110, '126126125125', 'rokok gadjah baru', 1, 'pcs', 13000, 15000, NULL, NULL, '', 1, 0),
	(111, '123123123123', 'item x', 2, 'pcs', 2500, 3000, NULL, NULL, '', 1, 1),
	(112, '125125125125', 'rokok LA', 1, 'pcs', 20000, 22000, NULL, NULL, '', 1, 0),
	(113, '', 'Jasa 1', 0, 'jam', 0, 20000, NULL, NULL, '', 0, 0);

-- Dumping structure for table harispos.m_kategori
CREATE TABLE IF NOT EXISTS `m_kategori` (
  `id_kategori` int(11) NOT NULL AUTO_INCREMENT,
  `nama_kategori` varchar(50) DEFAULT NULL,
  PRIMARY KEY (`id_kategori`)
) ENGINE=InnoDB AUTO_INCREMENT=11 DEFAULT CHARSET=utf8mb4 COLLATE=utf8mb4_general_ci;

-- Dumping data for table harispos.m_kategori: ~8 rows (approximately)
INSERT INTO `m_kategori` (`id_kategori`, `nama_kategori`) VALUES
	(1, 'rokok'),
	(2, 'mie instan'),
	(4, 'beras'),
	(5, 'saus'),
	(6, 'kecap'),
	(7, 'wafer'),
	(8, 'susu kotak'),
	(9, 'kategori baru');

-- Dumping structure for table harispos.m_kontak
CREATE TABLE IF NOT EXISTS `m_kontak` (
  `id_kontak` int(11) NOT NULL AUTO_INCREMENT,
  `nama_kontak` varchar(50) NOT NULL,
  `id_kota` int(11) DEFAULT NULL,
  `phone` varchar(50) DEFAULT NULL,
  `whatsapp` varchar(50) DEFAULT NULL,
  `email` varchar(50) DEFAULT NULL,
  `alamat` text DEFAULT NULL,
  `is_customer` int(1) NOT NULL DEFAULT 0,
  `is_supplier` int(1) NOT NULL DEFAULT 0,
  `is_karyawan` int(1) NOT NULL DEFAULT 0,
  `deleted` int(1) NOT NULL DEFAULT 0,
  PRIMARY KEY (`id_kontak`) USING BTREE
) ENGINE=InnoDB AUTO_INCREMENT=7 DEFAULT CHARSET=utf8mb4 COLLATE=utf8mb4_general_ci ROW_FORMAT=DYNAMIC;

-- Dumping data for table harispos.m_kontak: ~1 rows (approximately)
INSERT INTO `m_kontak` (`id_kontak`, `nama_kontak`, `id_kota`, `phone`, `whatsapp`, `email`, `alamat`, `is_customer`, `is_supplier`, `is_karyawan`, `deleted`) VALUES
	(4, 'haris', 3509, '085330067932', '085330067932', 'haris@mail.com', 'jember', 1, 1, 1, 0),
	(6, 'farchan', 3509, '+6285123123123', '+6285123123123', 'farchan@mail.com', '', 0, 1, 0, 0);

-- Dumping structure for table harispos.pembelian
CREATE TABLE IF NOT EXISTS `pembelian` (
  `id_pembelian` bigint(20) NOT NULL AUTO_INCREMENT,
  `kode_pembelian` varchar(50) DEFAULT NULL,
  `is_hutang` int(1) DEFAULT 0,
  `tanggal` timestamp NOT NULL DEFAULT current_timestamp(),
  `id_kontak` int(11) DEFAULT 0,
  `total` int(11) DEFAULT NULL,
  `bayar` int(11) DEFAULT NULL,
  `kembalian` int(11) DEFAULT NULL,
  `keterangan` text DEFAULT NULL,
  PRIMARY KEY (`id_pembelian`) USING BTREE
) ENGINE=InnoDB AUTO_INCREMENT=23 DEFAULT CHARSET=utf8mb4 COLLATE=utf8mb4_general_ci ROW_FORMAT=DYNAMIC;

-- Dumping data for table harispos.pembelian: ~21 rows (approximately)
INSERT INTO `pembelian` (`id_pembelian`, `kode_pembelian`, `is_hutang`, `tanggal`, `id_kontak`, `total`, `bayar`, `kembalian`, `keterangan`) VALUES
	(2, 'FB00002', 0, '2024-10-04 09:52:02', 4, 15500, NULL, NULL, ''),
	(3, 'FB00003', 0, '2024-10-04 09:55:17', 4, 77500, NULL, NULL, ''),
	(4, 'FB00004', 0, '2024-10-04 09:57:23', 4, 140000, NULL, NULL, ''),
	(5, 'FB00005', 0, '2024-10-04 20:27:31', 4, 77500, NULL, NULL, ''),
	(6, 'FB00006', 0, '2024-10-04 20:39:19', 4, 110000, NULL, NULL, ''),
	(7, 'FB00007', 0, '2024-10-04 20:47:18', 4, 15500, NULL, NULL, ''),
	(8, 'FB00008', 0, '2024-10-04 20:48:36', 4, 15500, NULL, NULL, ''),
	(9, 'FPC001', 0, '2024-10-04 20:49:34', 4, 77500, NULL, NULL, ''),
	(10, 'FB00010', 0, '2024-10-04 20:52:58', 4, 77500, NULL, NULL, ''),
	(11, 'FB00011', 0, '2024-10-04 20:53:41', 4, 77500, NULL, NULL, ''),
	(12, 'FB00012', 0, '2024-10-04 20:54:49', 4, 77500, NULL, NULL, ''),
	(13, 'FB00013', 0, '2024-10-04 20:55:17', 4, 15500, NULL, NULL, ''),
	(14, 'FB00014', 0, '2024-10-04 20:56:48', 4, 15500, NULL, NULL, ''),
	(15, 'FB00015', 0, '2024-10-07 13:33:33', 6, 155000, NULL, NULL, ''),
	(16, 'FB00016', 0, '2024-10-07 07:04:25', 4, 33000, NULL, NULL, ''),
	(17, 'FB00017', 0, '2024-10-07 07:55:29', 4, 350000, NULL, NULL, ''),
	(18, 'FB00018', 0, '2024-10-08 06:10:45', 4, 165000, NULL, NULL, ''),
	(19, 'FB00019', 0, '2024-10-08 06:22:40', 6, 167000, 200000, 33000, ''),
	(20, 'FB00020', 0, '2024-10-08 06:23:30', 4, 165000, NULL, NULL, ''),
	(21, 'FB00021', 1, '2024-10-08 06:24:49', 6, 165000, NULL, NULL, ''),
	(22, 'FB00022', 0, '2024-10-08 06:30:13', 6, 165000, 165000, 0, '');

-- Dumping structure for table harispos.pembelian_biaya
CREATE TABLE IF NOT EXISTS `pembelian_biaya` (
  `id_pembelian` bigint(20) DEFAULT NULL,
  `nama_biaya` varchar(50) DEFAULT NULL,
  `jumlah_biaya` int(11) DEFAULT NULL
) ENGINE=InnoDB DEFAULT CHARSET=utf8mb4 COLLATE=utf8mb4_general_ci;

-- Dumping data for table harispos.pembelian_biaya: ~3 rows (approximately)
INSERT INTO `pembelian_biaya` (`id_pembelian`, `nama_biaya`, `jumlah_biaya`) VALUES
	(2, '', 0),
	(4, 'ongkir', 10000),
	(17, 'lain lain', 20000),
	(19, 'lain lain', 2000);

-- Dumping structure for table harispos.pembelian_detail
CREATE TABLE IF NOT EXISTS `pembelian_detail` (
  `id_pembelian` bigint(20) NOT NULL DEFAULT 0,
  `id_item` int(11) NOT NULL,
  `qty` float NOT NULL DEFAULT 0,
  `harga` int(11) NOT NULL,
  `disc_persen` int(11) NOT NULL DEFAULT 0,
  `disc_rp` int(11) NOT NULL DEFAULT 0,
  `sub` double NOT NULL DEFAULT 0
) ENGINE=InnoDB DEFAULT CHARSET=utf8mb4 COLLATE=utf8mb4_general_ci ROW_FORMAT=DYNAMIC;

-- Dumping data for table harispos.pembelian_detail: ~37 rows (approximately)
INSERT INTO `pembelian_detail` (`id_pembelian`, `id_item`, `qty`, `harga`, `disc_persen`, `disc_rp`, `sub`) VALUES
	(2, 1, 1, 13000, 0, 0, 13000),
	(2, 2, 1, 2500, 0, 0, 2500),
	(3, 1, 5, 13000, 0, 0, 65000),
	(3, 2, 5, 2500, 0, 0, 12500),
	(4, 1, 5, 13000, 0, 0, 65000),
	(4, 110, 5, 13000, 0, 0, 65000),
	(5, 1, 5, 13000, 0, 0, 65000),
	(5, 2, 5, 2500, 0, 0, 12500),
	(6, 103, 15, 5000, 0, 0, 75000),
	(6, 2, 14, 2500, 0, 0, 35000),
	(7, 1, 1, 13000, 0, 0, 13000),
	(7, 2, 1, 2500, 0, 0, 2500),
	(8, 1, 1, 13000, 0, 0, 13000),
	(8, 2, 1, 2500, 0, 0, 2500),
	(9, 1, 5, 13000, 0, 0, 65000),
	(9, 2, 5, 2500, 0, 0, 12500),
	(10, 1, 5, 13000, 0, 0, 65000),
	(10, 2, 5, 2500, 0, 0, 12500),
	(11, 1, 5, 13000, 0, 0, 65000),
	(11, 2, 5, 2500, 0, 0, 12500),
	(12, 1, 5, 13000, 0, 0, 65000),
	(12, 2, 5, 2500, 0, 0, 12500),
	(13, 1, 1, 13000, 0, 0, 13000),
	(13, 2, 1, 2500, 0, 0, 2500),
	(14, 1, 1, 13000, 0, 0, 13000),
	(14, 2, 1, 2500, 0, 0, 2500),
	(15, 1, 10, 13000, 0, 0, 130000),
	(15, 2, 10, 2500, 0, 0, 25000),
	(16, 110, 1, 13000, 0, 0, 13000),
	(16, 112, 1, 20000, 0, 0, 20000),
	(17, 112, 10, 20000, 0, 0, 200000),
	(17, 110, 10, 13000, 0, 0, 130000),
	(18, 112, 5, 20000, 0, 0, 100000),
	(18, 110, 5, 13000, 0, 0, 65000),
	(19, 112, 5, 20000, 0, 0, 100000),
	(19, 110, 5, 13000, 0, 0, 65000),
	(20, 112, 5, 20000, 0, 0, 100000),
	(20, 110, 5, 13000, 0, 0, 65000),
	(21, 112, 5, 20000, 0, 0, 100000),
	(21, 110, 5, 13000, 0, 0, 65000),
	(22, 112, 5, 20000, 0, 0, 100000),
	(22, 110, 5, 13000, 0, 0, 65000);

-- Dumping structure for table harispos.stock
CREATE TABLE IF NOT EXISTS `stock` (
  `id_stock` bigint(20) NOT NULL AUTO_INCREMENT,
  `waktu` timestamp NULL DEFAULT current_timestamp(),
  `id_item` int(11) NOT NULL,
  `qty_awal` float NOT NULL DEFAULT 0,
  `qty_in` float NOT NULL DEFAULT 0,
  `qty_out` float NOT NULL DEFAULT 0,
  `qty_adj` float NOT NULL DEFAULT 0,
  `qty_akhir` double NOT NULL DEFAULT 0,
  `harga` double NOT NULL DEFAULT 0,
  PRIMARY KEY (`id_stock`) USING BTREE
) ENGINE=InnoDB AUTO_INCREMENT=43 DEFAULT CHARSET=utf8mb4 COLLATE=utf8mb4_general_ci ROW_FORMAT=DYNAMIC;

-- Dumping data for table harispos.stock: ~37 rows (approximately)
INSERT INTO `stock` (`id_stock`, `waktu`, `id_item`, `qty_awal`, `qty_in`, `qty_out`, `qty_adj`, `qty_akhir`, `harga`) VALUES
	(1, '2024-10-04 09:52:02', 1, 0, 1, 0, 0, 1, 13000),
	(2, '2024-10-04 09:52:02', 2, 0, 1, 0, 0, 1, 2500),
	(3, '2024-10-04 09:55:17', 1, 1, 5, 0, 0, 6, 13000),
	(4, '2024-10-04 09:55:17', 2, 1, 5, 0, 0, 6, 2500),
	(5, '2024-10-04 09:57:23', 1, 6, 5, 0, 0, 11, 13000),
	(6, '2024-10-04 09:57:23', 110, 0, 5, 0, 0, 5, 13000),
	(7, '2024-10-04 20:27:31', 1, 11, 5, 0, 0, 16, 13000),
	(8, '2024-10-04 20:27:31', 2, 6, 5, 0, 0, 11, 2500),
	(9, '2024-10-04 20:39:19', 103, 0, 15, 0, 0, 15, 5000),
	(10, '2024-10-04 20:39:19', 2, 11, 14, 0, 0, 25, 2500),
	(11, '2024-10-04 20:47:18', 1, 16, 1, 0, 0, 17, 13000),
	(12, '2024-10-04 20:47:18', 2, 25, 1, 0, 0, 26, 2500),
	(13, '2024-10-04 20:48:36', 1, 17, 1, 0, 0, 18, 13000),
	(14, '2024-10-04 20:48:36', 2, 26, 1, 0, 0, 27, 2500),
	(15, '2024-10-04 20:49:34', 1, 18, 5, 0, 0, 23, 13000),
	(16, '2024-10-04 20:49:34', 2, 27, 5, 0, 0, 32, 2500),
	(17, '2024-10-04 20:52:58', 1, 23, 5, 0, 0, 28, 13000),
	(18, '2024-10-04 20:52:58', 2, 32, 5, 0, 0, 37, 2500),
	(19, '2024-10-04 20:53:41', 1, 28, 5, 0, 0, 33, 13000),
	(20, '2024-10-04 20:53:41', 2, 37, 5, 0, 0, 42, 2500),
	(21, '2024-10-04 20:54:49', 1, 33, 5, 0, 0, 38, 13000),
	(22, '2024-10-04 20:54:49', 2, 42, 5, 0, 0, 47, 2500),
	(23, '2024-10-04 20:55:17', 1, 38, 1, 0, 0, 39, 13000),
	(24, '2024-10-04 20:55:17', 2, 47, 1, 0, 0, 48, 2500),
	(25, '2024-10-04 20:56:48', 1, 39, 1, 0, 0, 40, 13000),
	(26, '2024-10-04 20:56:48', 2, 48, 1, 0, 0, 49, 2500),
	(27, '2024-10-07 13:33:33', 1, 40, 10, 0, 0, 50, 13000),
	(28, '2024-10-07 13:33:33', 2, 49, 10, 0, 0, 59, 2500),
	(29, '2024-10-07 07:04:25', 110, 5, 1, 0, 0, 6, 13000),
	(30, '2024-10-07 07:04:25', 112, 0, 1, 0, 0, 1, 20000),
	(31, '2024-10-07 07:55:29', 112, 1, 10, 0, 0, 11, 20000),
	(32, '2024-10-07 07:55:29', 110, 6, 10, 0, 0, 16, 13000),
	(33, '2024-10-08 06:10:45', 112, 11, 5, 0, 0, 16, 20000),
	(34, '2024-10-08 06:10:45', 110, 16, 5, 0, 0, 21, 13000),
	(35, '2024-10-08 06:22:40', 112, 16, 5, 0, 0, 21, 20000),
	(36, '2024-10-08 06:22:40', 110, 21, 5, 0, 0, 26, 13000),
	(37, '2024-10-08 06:23:30', 112, 21, 5, 0, 0, 26, 20000),
	(38, '2024-10-08 06:23:30', 110, 26, 5, 0, 0, 31, 13000),
	(39, '2024-10-08 06:24:49', 112, 26, 5, 0, 0, 31, 20000),
	(40, '2024-10-08 06:24:49', 110, 31, 5, 0, 0, 36, 13000),
	(41, '2024-10-08 06:30:13', 112, 31, 5, 0, 0, 36, 20000),
	(42, '2024-10-08 06:30:13', 110, 36, 5, 0, 0, 41, 13000);

-- Dumping structure for function harispos.stock_akhir
DELIMITER //
CREATE FUNCTION `stock_akhir`(`id_barang` INT
) RETURNS double
BEGIN
  DECLARE buff double;
  SET buff = (SELECT stock.qty_akhir FROM stock WHERE stock.id_item=id_barang ORDER BY stock.id_stock DESC LIMIT 1);
  if(buff IS NULL) then
		SET buff=0;
  END if;
  
  RETURN buff;
END//
DELIMITER ;

-- Dumping structure for table harispos.users
CREATE TABLE IF NOT EXISTS `users` (
  `id_users` int(11) NOT NULL AUTO_INCREMENT,
  `id_jabatan` int(11) DEFAULT NULL,
  `username` varchar(50) NOT NULL,
  `email` varchar(50) NOT NULL,
  `password` varchar(200) NOT NULL,
  PRIMARY KEY (`id_users`) USING BTREE
) ENGINE=InnoDB AUTO_INCREMENT=4 DEFAULT CHARSET=utf8mb4 COLLATE=utf8mb4_general_ci ROW_FORMAT=DYNAMIC;

-- Dumping data for table harispos.users: ~1 rows (approximately)
INSERT INTO `users` (`id_users`, `id_jabatan`, `username`, `email`, `password`) VALUES
	(1, 1, 'admin', 'admin@mail.com', '21232f297a57a5a743894a0e4a801fc3'),
	(3, 2, 'karyawan', 'karyawan@mail.com', '9e014682c94e0f2cc834bf7348bda428');

-- Dumping structure for table harispos.users_jabatan
CREATE TABLE IF NOT EXISTS `users_jabatan` (
  `id_jabatan` int(11) NOT NULL AUTO_INCREMENT,
  `nama_jabatan` varchar(50) DEFAULT NULL,
  PRIMARY KEY (`id_jabatan`) USING BTREE
) ENGINE=InnoDB AUTO_INCREMENT=3 DEFAULT CHARSET=utf8mb4 COLLATE=utf8mb4_general_ci ROW_FORMAT=DYNAMIC;

-- Dumping data for table harispos.users_jabatan: ~0 rows (approximately)
INSERT INTO `users_jabatan` (`id_jabatan`, `nama_jabatan`) VALUES
	(1, 'superadmin'),
	(2, 'karyawan');

-- Dumping structure for table harispos._lok_regencies
CREATE TABLE IF NOT EXISTS `_lok_regencies` (
  `id` int(11) NOT NULL,
  `nama_kota` varchar(100) NOT NULL,
  PRIMARY KEY (`id`) USING BTREE
) ENGINE=InnoDB DEFAULT CHARSET=utf8mb4 COLLATE=utf8mb4_general_ci ROW_FORMAT=DYNAMIC;

-- Dumping data for table harispos._lok_regencies: ~514 rows (approximately)
INSERT INTO `_lok_regencies` (`id`, `nama_kota`) VALUES
	(1101, 'KABUPATEN SIMEULUE - ACEH'),
	(1102, 'KABUPATEN ACEH SINGKIL - ACEH'),
	(1103, 'KABUPATEN ACEH SELATAN - ACEH'),
	(1104, 'KABUPATEN ACEH TENGGARA - ACEH'),
	(1105, 'KABUPATEN ACEH TIMUR - ACEH'),
	(1106, 'KABUPATEN ACEH TENGAH - ACEH'),
	(1107, 'KABUPATEN ACEH BARAT - ACEH'),
	(1108, 'KABUPATEN ACEH BESAR - ACEH'),
	(1109, 'KABUPATEN PIDIE - ACEH'),
	(1110, 'KABUPATEN BIREUEN - ACEH'),
	(1111, 'KABUPATEN ACEH UTARA - ACEH'),
	(1112, 'KABUPATEN ACEH BARAT DAYA - ACEH'),
	(1113, 'KABUPATEN GAYO LUES - ACEH'),
	(1114, 'KABUPATEN ACEH TAMIANG - ACEH'),
	(1115, 'KABUPATEN NAGAN RAYA - ACEH'),
	(1116, 'KABUPATEN ACEH JAYA - ACEH'),
	(1117, 'KABUPATEN BENER MERIAH - ACEH'),
	(1118, 'KABUPATEN PIDIE JAYA - ACEH'),
	(1171, 'KOTA BANDA ACEH - ACEH'),
	(1172, 'KOTA SABANG - ACEH'),
	(1173, 'KOTA LANGSA - ACEH'),
	(1174, 'KOTA LHOKSEUMAWE - ACEH'),
	(1175, 'KOTA SUBULUSSALAM - ACEH'),
	(1201, 'KABUPATEN NIAS - SUMATERA UTARA'),
	(1202, 'KABUPATEN MANDAILING NATAL - SUMATERA UTARA'),
	(1203, 'KABUPATEN TAPANULI SELATAN - SUMATERA UTARA'),
	(1204, 'KABUPATEN TAPANULI TENGAH - SUMATERA UTARA'),
	(1205, 'KABUPATEN TAPANULI UTARA - SUMATERA UTARA'),
	(1206, 'KABUPATEN TOBA SAMOSIR - SUMATERA UTARA'),
	(1207, 'KABUPATEN LABUHAN BATU - SUMATERA UTARA'),
	(1208, 'KABUPATEN ASAHAN - SUMATERA UTARA'),
	(1209, 'KABUPATEN SIMALUNGUN - SUMATERA UTARA'),
	(1210, 'KABUPATEN DAIRI - SUMATERA UTARA'),
	(1211, 'KABUPATEN KARO - SUMATERA UTARA'),
	(1212, 'KABUPATEN DELI SERDANG - SUMATERA UTARA'),
	(1213, 'KABUPATEN LANGKAT - SUMATERA UTARA'),
	(1214, 'KABUPATEN NIAS SELATAN - SUMATERA UTARA'),
	(1215, 'KABUPATEN HUMBANG HASUNDUTAN - SUMATERA UTARA'),
	(1216, 'KABUPATEN PAKPAK BHARAT - SUMATERA UTARA'),
	(1217, 'KABUPATEN SAMOSIR - SUMATERA UTARA'),
	(1218, 'KABUPATEN SERDANG BEDAGAI - SUMATERA UTARA'),
	(1219, 'KABUPATEN BATU BARA - SUMATERA UTARA'),
	(1220, 'KABUPATEN PADANG LAWAS UTARA - SUMATERA UTARA'),
	(1221, 'KABUPATEN PADANG LAWAS - SUMATERA UTARA'),
	(1222, 'KABUPATEN LABUHAN BATU SELATAN - SUMATERA UTARA'),
	(1223, 'KABUPATEN LABUHAN BATU UTARA - SUMATERA UTARA'),
	(1224, 'KABUPATEN NIAS UTARA - SUMATERA UTARA'),
	(1225, 'KABUPATEN NIAS BARAT - SUMATERA UTARA'),
	(1271, 'KOTA SIBOLGA - SUMATERA UTARA'),
	(1272, 'KOTA TANJUNG BALAI - SUMATERA UTARA'),
	(1273, 'KOTA PEMATANG SIANTAR - SUMATERA UTARA'),
	(1274, 'KOTA TEBING TINGGI - SUMATERA UTARA'),
	(1275, 'KOTA MEDAN - SUMATERA UTARA'),
	(1276, 'KOTA BINJAI - SUMATERA UTARA'),
	(1277, 'KOTA PADANGSIDIMPUAN - SUMATERA UTARA'),
	(1278, 'KOTA GUNUNGSITOLI - SUMATERA UTARA'),
	(1301, 'KABUPATEN KEPULAUAN MENTAWAI - SUMATERA BARAT'),
	(1302, 'KABUPATEN PESISIR SELATAN - SUMATERA BARAT'),
	(1303, 'KABUPATEN SOLOK - SUMATERA BARAT'),
	(1304, 'KABUPATEN SIJUNJUNG - SUMATERA BARAT'),
	(1305, 'KABUPATEN TANAH DATAR - SUMATERA BARAT'),
	(1306, 'KABUPATEN PADANG PARIAMAN - SUMATERA BARAT'),
	(1307, 'KABUPATEN AGAM - SUMATERA BARAT'),
	(1308, 'KABUPATEN LIMA PULUH KOTA - SUMATERA BARAT'),
	(1309, 'KABUPATEN PASAMAN - SUMATERA BARAT'),
	(1310, 'KABUPATEN SOLOK SELATAN - SUMATERA BARAT'),
	(1311, 'KABUPATEN DHARMASRAYA - SUMATERA BARAT'),
	(1312, 'KABUPATEN PASAMAN BARAT - SUMATERA BARAT'),
	(1371, 'KOTA PADANG - SUMATERA BARAT'),
	(1372, 'KOTA SOLOK - SUMATERA BARAT'),
	(1373, 'KOTA SAWAH LUNTO - SUMATERA BARAT'),
	(1374, 'KOTA PADANG PANJANG - SUMATERA BARAT'),
	(1375, 'KOTA BUKITTINGGI - SUMATERA BARAT'),
	(1376, 'KOTA PAYAKUMBUH - SUMATERA BARAT'),
	(1377, 'KOTA PARIAMAN - SUMATERA BARAT'),
	(1401, 'KABUPATEN KUANTAN SINGINGI - RIAU'),
	(1402, 'KABUPATEN INDRAGIRI HULU - RIAU'),
	(1403, 'KABUPATEN INDRAGIRI HILIR - RIAU'),
	(1404, 'KABUPATEN PELALAWAN - RIAU'),
	(1405, 'KABUPATEN S I A K - RIAU'),
	(1406, 'KABUPATEN KAMPAR - RIAU'),
	(1407, 'KABUPATEN ROKAN HULU - RIAU'),
	(1408, 'KABUPATEN BENGKALIS - RIAU'),
	(1409, 'KABUPATEN ROKAN HILIR - RIAU'),
	(1410, 'KABUPATEN KEPULAUAN MERANTI - RIAU'),
	(1471, 'KOTA PEKANBARU - RIAU'),
	(1473, 'KOTA D U M A I - RIAU'),
	(1501, 'KABUPATEN KERINCI - JAMBI'),
	(1502, 'KABUPATEN MERANGIN - JAMBI'),
	(1503, 'KABUPATEN SAROLANGUN - JAMBI'),
	(1504, 'KABUPATEN BATANG HARI - JAMBI'),
	(1505, 'KABUPATEN MUARO JAMBI - JAMBI'),
	(1506, 'KABUPATEN TANJUNG JABUNG TIMUR - JAMBI'),
	(1507, 'KABUPATEN TANJUNG JABUNG BARAT - JAMBI'),
	(1508, 'KABUPATEN TEBO - JAMBI'),
	(1509, 'KABUPATEN BUNGO - JAMBI'),
	(1571, 'KOTA JAMBI - JAMBI'),
	(1572, 'KOTA SUNGAI PENUH - JAMBI'),
	(1601, 'KABUPATEN OGAN KOMERING ULU - SUMATERA SELATAN'),
	(1602, 'KABUPATEN OGAN KOMERING ILIR - SUMATERA SELATAN'),
	(1603, 'KABUPATEN MUARA ENIM - SUMATERA SELATAN'),
	(1604, 'KABUPATEN LAHAT - SUMATERA SELATAN'),
	(1605, 'KABUPATEN MUSI RAWAS - SUMATERA SELATAN'),
	(1606, 'KABUPATEN MUSI BANYUASIN - SUMATERA SELATAN'),
	(1607, 'KABUPATEN BANYU ASIN - SUMATERA SELATAN'),
	(1608, 'KABUPATEN OGAN KOMERING ULU SELATAN - SUMATERA SELATAN'),
	(1609, 'KABUPATEN OGAN KOMERING ULU TIMUR - SUMATERA SELATAN'),
	(1610, 'KABUPATEN OGAN ILIR - SUMATERA SELATAN'),
	(1611, 'KABUPATEN EMPAT LAWANG - SUMATERA SELATAN'),
	(1612, 'KABUPATEN PENUKAL ABAB LEMATANG ILIR - SUMATERA SELATAN'),
	(1613, 'KABUPATEN MUSI RAWAS UTARA - SUMATERA SELATAN'),
	(1671, 'KOTA PALEMBANG - SUMATERA SELATAN'),
	(1672, 'KOTA PRABUMULIH - SUMATERA SELATAN'),
	(1673, 'KOTA PAGAR ALAM - SUMATERA SELATAN'),
	(1674, 'KOTA LUBUKLINGGAU - SUMATERA SELATAN'),
	(1701, 'KABUPATEN BENGKULU SELATAN - BENGKULU'),
	(1702, 'KABUPATEN REJANG LEBONG - BENGKULU'),
	(1703, 'KABUPATEN BENGKULU UTARA - BENGKULU'),
	(1704, 'KABUPATEN KAUR - BENGKULU'),
	(1705, 'KABUPATEN SELUMA - BENGKULU'),
	(1706, 'KABUPATEN MUKOMUKO - BENGKULU'),
	(1707, 'KABUPATEN LEBONG - BENGKULU'),
	(1708, 'KABUPATEN KEPAHIANG - BENGKULU'),
	(1709, 'KABUPATEN BENGKULU TENGAH - BENGKULU'),
	(1771, 'KOTA BENGKULU - BENGKULU'),
	(1801, 'KABUPATEN LAMPUNG BARAT - LAMPUNG'),
	(1802, 'KABUPATEN TANGGAMUS - LAMPUNG'),
	(1803, 'KABUPATEN LAMPUNG SELATAN - LAMPUNG'),
	(1804, 'KABUPATEN LAMPUNG TIMUR - LAMPUNG'),
	(1805, 'KABUPATEN LAMPUNG TENGAH - LAMPUNG'),
	(1806, 'KABUPATEN LAMPUNG UTARA - LAMPUNG'),
	(1807, 'KABUPATEN WAY KANAN - LAMPUNG'),
	(1808, 'KABUPATEN TULANGBAWANG - LAMPUNG'),
	(1809, 'KABUPATEN PESAWARAN - LAMPUNG'),
	(1810, 'KABUPATEN PRINGSEWU - LAMPUNG'),
	(1811, 'KABUPATEN MESUJI - LAMPUNG'),
	(1812, 'KABUPATEN TULANG BAWANG BARAT - LAMPUNG'),
	(1813, 'KABUPATEN PESISIR BARAT - LAMPUNG'),
	(1871, 'KOTA BANDAR LAMPUNG - LAMPUNG'),
	(1872, 'KOTA METRO - LAMPUNG'),
	(1901, 'KABUPATEN BANGKA - KEPULAUAN BANGKA BELITUNG'),
	(1902, 'KABUPATEN BELITUNG - KEPULAUAN BANGKA BELITUNG'),
	(1903, 'KABUPATEN BANGKA BARAT - KEPULAUAN BANGKA BELITUNG'),
	(1904, 'KABUPATEN BANGKA TENGAH - KEPULAUAN BANGKA BELITUNG'),
	(1905, 'KABUPATEN BANGKA SELATAN - KEPULAUAN BANGKA BELITUNG'),
	(1906, 'KABUPATEN BELITUNG TIMUR - KEPULAUAN BANGKA BELITUNG'),
	(1971, 'KOTA PANGKAL PINANG - KEPULAUAN BANGKA BELITUNG'),
	(2101, 'KABUPATEN KARIMUN - KEPULAUAN RIAU'),
	(2102, 'KABUPATEN BINTAN - KEPULAUAN RIAU'),
	(2103, 'KABUPATEN NATUNA - KEPULAUAN RIAU'),
	(2104, 'KABUPATEN LINGGA - KEPULAUAN RIAU'),
	(2105, 'KABUPATEN KEPULAUAN ANAMBAS - KEPULAUAN RIAU'),
	(2171, 'KOTA B A T A M - KEPULAUAN RIAU'),
	(2172, 'KOTA TANJUNG PINANG - KEPULAUAN RIAU'),
	(3101, 'KABUPATEN KEPULAUAN SERIBU - DKI JAKARTA'),
	(3171, 'KOTA JAKARTA SELATAN - DKI JAKARTA'),
	(3172, 'KOTA JAKARTA TIMUR - DKI JAKARTA'),
	(3173, 'KOTA JAKARTA PUSAT - DKI JAKARTA'),
	(3174, 'KOTA JAKARTA BARAT - DKI JAKARTA'),
	(3175, 'KOTA JAKARTA UTARA - DKI JAKARTA'),
	(3201, 'KABUPATEN BOGOR - JAWA BARAT'),
	(3202, 'KABUPATEN SUKABUMI - JAWA BARAT'),
	(3203, 'KABUPATEN CIANJUR - JAWA BARAT'),
	(3204, 'KABUPATEN BANDUNG - JAWA BARAT'),
	(3205, 'KABUPATEN GARUT - JAWA BARAT'),
	(3206, 'KABUPATEN TASIKMALAYA - JAWA BARAT'),
	(3207, 'KABUPATEN CIAMIS - JAWA BARAT'),
	(3208, 'KABUPATEN KUNINGAN - JAWA BARAT'),
	(3209, 'KABUPATEN CIREBON - JAWA BARAT'),
	(3210, 'KABUPATEN MAJALENGKA - JAWA BARAT'),
	(3211, 'KABUPATEN SUMEDANG - JAWA BARAT'),
	(3212, 'KABUPATEN INDRAMAYU - JAWA BARAT'),
	(3213, 'KABUPATEN SUBANG - JAWA BARAT'),
	(3214, 'KABUPATEN PURWAKARTA - JAWA BARAT'),
	(3215, 'KABUPATEN KARAWANG - JAWA BARAT'),
	(3216, 'KABUPATEN BEKASI - JAWA BARAT'),
	(3217, 'KABUPATEN BANDUNG BARAT - JAWA BARAT'),
	(3218, 'KABUPATEN PANGANDARAN - JAWA BARAT'),
	(3271, 'KOTA BOGOR - JAWA BARAT'),
	(3272, 'KOTA SUKABUMI - JAWA BARAT'),
	(3273, 'KOTA BANDUNG - JAWA BARAT'),
	(3274, 'KOTA CIREBON - JAWA BARAT'),
	(3275, 'KOTA BEKASI - JAWA BARAT'),
	(3276, 'KOTA DEPOK - JAWA BARAT'),
	(3277, 'KOTA CIMAHI - JAWA BARAT'),
	(3278, 'KOTA TASIKMALAYA - JAWA BARAT'),
	(3279, 'KOTA BANJAR - JAWA BARAT'),
	(3301, 'KABUPATEN CILACAP - JAWA TENGAH'),
	(3302, 'KABUPATEN BANYUMAS - JAWA TENGAH'),
	(3303, 'KABUPATEN PURBALINGGA - JAWA TENGAH'),
	(3304, 'KABUPATEN BANJARNEGARA - JAWA TENGAH'),
	(3305, 'KABUPATEN KEBUMEN - JAWA TENGAH'),
	(3306, 'KABUPATEN PURWOREJO - JAWA TENGAH'),
	(3307, 'KABUPATEN WONOSOBO - JAWA TENGAH'),
	(3308, 'KABUPATEN MAGELANG - JAWA TENGAH'),
	(3309, 'KABUPATEN BOYOLALI - JAWA TENGAH'),
	(3310, 'KABUPATEN KLATEN - JAWA TENGAH'),
	(3311, 'KABUPATEN SUKOHARJO - JAWA TENGAH'),
	(3312, 'KABUPATEN WONOGIRI - JAWA TENGAH'),
	(3313, 'KABUPATEN KARANGANYAR - JAWA TENGAH'),
	(3314, 'KABUPATEN SRAGEN - JAWA TENGAH'),
	(3315, 'KABUPATEN GROBOGAN - JAWA TENGAH'),
	(3316, 'KABUPATEN BLORA - JAWA TENGAH'),
	(3317, 'KABUPATEN REMBANG - JAWA TENGAH'),
	(3318, 'KABUPATEN PATI - JAWA TENGAH'),
	(3319, 'KABUPATEN KUDUS - JAWA TENGAH'),
	(3320, 'KABUPATEN JEPARA - JAWA TENGAH'),
	(3321, 'KABUPATEN DEMAK - JAWA TENGAH'),
	(3322, 'KABUPATEN SEMARANG - JAWA TENGAH'),
	(3323, 'KABUPATEN TEMANGGUNG - JAWA TENGAH'),
	(3324, 'KABUPATEN KENDAL - JAWA TENGAH'),
	(3325, 'KABUPATEN BATANG - JAWA TENGAH'),
	(3326, 'KABUPATEN PEKALONGAN - JAWA TENGAH'),
	(3327, 'KABUPATEN PEMALANG - JAWA TENGAH'),
	(3328, 'KABUPATEN TEGAL - JAWA TENGAH'),
	(3329, 'KABUPATEN BREBES - JAWA TENGAH'),
	(3371, 'KOTA MAGELANG - JAWA TENGAH'),
	(3372, 'KOTA SURAKARTA - JAWA TENGAH'),
	(3373, 'KOTA SALATIGA - JAWA TENGAH'),
	(3374, 'KOTA SEMARANG - JAWA TENGAH'),
	(3375, 'KOTA PEKALONGAN - JAWA TENGAH'),
	(3376, 'KOTA TEGAL - JAWA TENGAH'),
	(3401, 'KABUPATEN KULON PROGO - DI YOGYAKARTA'),
	(3402, 'KABUPATEN BANTUL - DI YOGYAKARTA'),
	(3403, 'KABUPATEN GUNUNG KIDUL - DI YOGYAKARTA'),
	(3404, 'KABUPATEN SLEMAN - DI YOGYAKARTA'),
	(3471, 'KOTA YOGYAKARTA - DI YOGYAKARTA'),
	(3501, 'KABUPATEN PACITAN - JAWA TIMUR'),
	(3502, 'KABUPATEN PONOROGO - JAWA TIMUR'),
	(3503, 'KABUPATEN TRENGGALEK - JAWA TIMUR'),
	(3504, 'KABUPATEN TULUNGAGUNG - JAWA TIMUR'),
	(3505, 'KABUPATEN BLITAR - JAWA TIMUR'),
	(3506, 'KABUPATEN KEDIRI - JAWA TIMUR'),
	(3507, 'KABUPATEN MALANG - JAWA TIMUR'),
	(3508, 'KABUPATEN LUMAJANG - JAWA TIMUR'),
	(3509, 'KABUPATEN JEMBER - JAWA TIMUR'),
	(3510, 'KABUPATEN BANYUWANGI - JAWA TIMUR'),
	(3511, 'KABUPATEN BONDOWOSO - JAWA TIMUR'),
	(3512, 'KABUPATEN SITUBONDO - JAWA TIMUR'),
	(3513, 'KABUPATEN PROBOLINGGO - JAWA TIMUR'),
	(3514, 'KABUPATEN PASURUAN - JAWA TIMUR'),
	(3515, 'KABUPATEN SIDOARJO - JAWA TIMUR'),
	(3516, 'KABUPATEN MOJOKERTO - JAWA TIMUR'),
	(3517, 'KABUPATEN JOMBANG - JAWA TIMUR'),
	(3518, 'KABUPATEN NGANJUK - JAWA TIMUR'),
	(3519, 'KABUPATEN MADIUN - JAWA TIMUR'),
	(3520, 'KABUPATEN MAGETAN - JAWA TIMUR'),
	(3521, 'KABUPATEN NGAWI - JAWA TIMUR'),
	(3522, 'KABUPATEN BOJONEGORO - JAWA TIMUR'),
	(3523, 'KABUPATEN TUBAN - JAWA TIMUR'),
	(3524, 'KABUPATEN LAMONGAN - JAWA TIMUR'),
	(3525, 'KABUPATEN GRESIK - JAWA TIMUR'),
	(3526, 'KABUPATEN BANGKALAN - JAWA TIMUR'),
	(3527, 'KABUPATEN SAMPANG - JAWA TIMUR'),
	(3528, 'KABUPATEN PAMEKASAN - JAWA TIMUR'),
	(3529, 'KABUPATEN SUMENEP - JAWA TIMUR'),
	(3571, 'KOTA KEDIRI - JAWA TIMUR'),
	(3572, 'KOTA BLITAR - JAWA TIMUR'),
	(3573, 'KOTA MALANG - JAWA TIMUR'),
	(3574, 'KOTA PROBOLINGGO - JAWA TIMUR'),
	(3575, 'KOTA PASURUAN - JAWA TIMUR'),
	(3576, 'KOTA MOJOKERTO - JAWA TIMUR'),
	(3577, 'KOTA MADIUN - JAWA TIMUR'),
	(3578, 'KOTA SURABAYA - JAWA TIMUR'),
	(3579, 'KOTA BATU - JAWA TIMUR'),
	(3601, 'KABUPATEN PANDEGLANG - BANTEN'),
	(3602, 'KABUPATEN LEBAK - BANTEN'),
	(3603, 'KABUPATEN TANGERANG - BANTEN'),
	(3604, 'KABUPATEN SERANG - BANTEN'),
	(3671, 'KOTA TANGERANG - BANTEN'),
	(3672, 'KOTA CILEGON - BANTEN'),
	(3673, 'KOTA SERANG - BANTEN'),
	(3674, 'KOTA TANGERANG SELATAN - BANTEN'),
	(5101, 'KABUPATEN JEMBRANA - BALI'),
	(5102, 'KABUPATEN TABANAN - BALI'),
	(5103, 'KABUPATEN BADUNG - BALI'),
	(5104, 'KABUPATEN GIANYAR - BALI'),
	(5105, 'KABUPATEN KLUNGKUNG - BALI'),
	(5106, 'KABUPATEN BANGLI - BALI'),
	(5107, 'KABUPATEN KARANG ASEM - BALI'),
	(5108, 'KABUPATEN BULELENG - BALI'),
	(5171, 'KOTA DENPASAR - BALI'),
	(5201, 'KABUPATEN LOMBOK BARAT - NUSA TENGGARA BARAT'),
	(5202, 'KABUPATEN LOMBOK TENGAH - NUSA TENGGARA BARAT'),
	(5203, 'KABUPATEN LOMBOK TIMUR - NUSA TENGGARA BARAT'),
	(5204, 'KABUPATEN SUMBAWA - NUSA TENGGARA BARAT'),
	(5205, 'KABUPATEN DOMPU - NUSA TENGGARA BARAT'),
	(5206, 'KABUPATEN BIMA - NUSA TENGGARA BARAT'),
	(5207, 'KABUPATEN SUMBAWA BARAT - NUSA TENGGARA BARAT'),
	(5208, 'KABUPATEN LOMBOK UTARA - NUSA TENGGARA BARAT'),
	(5271, 'KOTA MATARAM - NUSA TENGGARA BARAT'),
	(5272, 'KOTA BIMA - NUSA TENGGARA BARAT'),
	(5301, 'KABUPATEN SUMBA BARAT - NUSA TENGGARA TIMUR'),
	(5302, 'KABUPATEN SUMBA TIMUR - NUSA TENGGARA TIMUR'),
	(5303, 'KABUPATEN KUPANG - NUSA TENGGARA TIMUR'),
	(5304, 'KABUPATEN TIMOR TENGAH SELATAN - NUSA TENGGARA TIMUR'),
	(5305, 'KABUPATEN TIMOR TENGAH UTARA - NUSA TENGGARA TIMUR'),
	(5306, 'KABUPATEN BELU - NUSA TENGGARA TIMUR'),
	(5307, 'KABUPATEN ALOR - NUSA TENGGARA TIMUR'),
	(5308, 'KABUPATEN LEMBATA - NUSA TENGGARA TIMUR'),
	(5309, 'KABUPATEN FLORES TIMUR - NUSA TENGGARA TIMUR'),
	(5310, 'KABUPATEN SIKKA - NUSA TENGGARA TIMUR'),
	(5311, 'KABUPATEN ENDE - NUSA TENGGARA TIMUR'),
	(5312, 'KABUPATEN NGADA - NUSA TENGGARA TIMUR'),
	(5313, 'KABUPATEN MANGGARAI - NUSA TENGGARA TIMUR'),
	(5314, 'KABUPATEN ROTE NDAO - NUSA TENGGARA TIMUR'),
	(5315, 'KABUPATEN MANGGARAI BARAT - NUSA TENGGARA TIMUR'),
	(5316, 'KABUPATEN SUMBA TENGAH - NUSA TENGGARA TIMUR'),
	(5317, 'KABUPATEN SUMBA BARAT DAYA - NUSA TENGGARA TIMUR'),
	(5318, 'KABUPATEN NAGEKEO - NUSA TENGGARA TIMUR'),
	(5319, 'KABUPATEN MANGGARAI TIMUR - NUSA TENGGARA TIMUR'),
	(5320, 'KABUPATEN SABU RAIJUA - NUSA TENGGARA TIMUR'),
	(5321, 'KABUPATEN MALAKA - NUSA TENGGARA TIMUR'),
	(5371, 'KOTA KUPANG - NUSA TENGGARA TIMUR'),
	(6101, 'KABUPATEN SAMBAS - KALIMANTAN BARAT'),
	(6102, 'KABUPATEN BENGKAYANG - KALIMANTAN BARAT'),
	(6103, 'KABUPATEN LANDAK - KALIMANTAN BARAT'),
	(6104, 'KABUPATEN MEMPAWAH - KALIMANTAN BARAT'),
	(6105, 'KABUPATEN SANGGAU - KALIMANTAN BARAT'),
	(6106, 'KABUPATEN KETAPANG - KALIMANTAN BARAT'),
	(6107, 'KABUPATEN SINTANG - KALIMANTAN BARAT'),
	(6108, 'KABUPATEN KAPUAS HULU - KALIMANTAN BARAT'),
	(6109, 'KABUPATEN SEKADAU - KALIMANTAN BARAT'),
	(6110, 'KABUPATEN MELAWI - KALIMANTAN BARAT'),
	(6111, 'KABUPATEN KAYONG UTARA - KALIMANTAN BARAT'),
	(6112, 'KABUPATEN KUBU RAYA - KALIMANTAN BARAT'),
	(6171, 'KOTA PONTIANAK - KALIMANTAN BARAT'),
	(6172, 'KOTA SINGKAWANG - KALIMANTAN BARAT'),
	(6201, 'KABUPATEN KOTAWARINGIN BARAT - KALIMANTAN TENGAH'),
	(6202, 'KABUPATEN KOTAWARINGIN TIMUR - KALIMANTAN TENGAH'),
	(6203, 'KABUPATEN KAPUAS - KALIMANTAN TENGAH'),
	(6204, 'KABUPATEN BARITO SELATAN - KALIMANTAN TENGAH'),
	(6205, 'KABUPATEN BARITO UTARA - KALIMANTAN TENGAH'),
	(6206, 'KABUPATEN SUKAMARA - KALIMANTAN TENGAH'),
	(6207, 'KABUPATEN LAMANDAU - KALIMANTAN TENGAH'),
	(6208, 'KABUPATEN SERUYAN - KALIMANTAN TENGAH'),
	(6209, 'KABUPATEN KATINGAN - KALIMANTAN TENGAH'),
	(6210, 'KABUPATEN PULANG PISAU - KALIMANTAN TENGAH'),
	(6211, 'KABUPATEN GUNUNG MAS - KALIMANTAN TENGAH'),
	(6212, 'KABUPATEN BARITO TIMUR - KALIMANTAN TENGAH'),
	(6213, 'KABUPATEN MURUNG RAYA - KALIMANTAN TENGAH'),
	(6271, 'KOTA PALANGKA RAYA - KALIMANTAN TENGAH'),
	(6301, 'KABUPATEN TANAH LAUT - KALIMANTAN SELATAN'),
	(6302, 'KABUPATEN KOTA BARU - KALIMANTAN SELATAN'),
	(6303, 'KABUPATEN BANJAR - KALIMANTAN SELATAN'),
	(6304, 'KABUPATEN BARITO KUALA - KALIMANTAN SELATAN'),
	(6305, 'KABUPATEN TAPIN - KALIMANTAN SELATAN'),
	(6306, 'KABUPATEN HULU SUNGAI SELATAN - KALIMANTAN SELATAN'),
	(6307, 'KABUPATEN HULU SUNGAI TENGAH - KALIMANTAN SELATAN'),
	(6308, 'KABUPATEN HULU SUNGAI UTARA - KALIMANTAN SELATAN'),
	(6309, 'KABUPATEN TABALONG - KALIMANTAN SELATAN'),
	(6310, 'KABUPATEN TANAH BUMBU - KALIMANTAN SELATAN'),
	(6311, 'KABUPATEN BALANGAN - KALIMANTAN SELATAN'),
	(6371, 'KOTA BANJARMASIN - KALIMANTAN SELATAN'),
	(6372, 'KOTA BANJAR BARU - KALIMANTAN SELATAN'),
	(6401, 'KABUPATEN PASER - KALIMANTAN TIMUR'),
	(6402, 'KABUPATEN KUTAI BARAT - KALIMANTAN TIMUR'),
	(6403, 'KABUPATEN KUTAI KARTANEGARA - KALIMANTAN TIMUR'),
	(6404, 'KABUPATEN KUTAI TIMUR - KALIMANTAN TIMUR'),
	(6405, 'KABUPATEN BERAU - KALIMANTAN TIMUR'),
	(6409, 'KABUPATEN PENAJAM PASER UTARA - KALIMANTAN TIMUR'),
	(6411, 'KABUPATEN MAHAKAM HULU - KALIMANTAN TIMUR'),
	(6471, 'KOTA BALIKPAPAN - KALIMANTAN TIMUR'),
	(6472, 'KOTA SAMARINDA - KALIMANTAN TIMUR'),
	(6474, 'KOTA BONTANG - KALIMANTAN TIMUR'),
	(6501, 'KABUPATEN MALINAU - KALIMANTAN UTARA'),
	(6502, 'KABUPATEN BULUNGAN - KALIMANTAN UTARA'),
	(6503, 'KABUPATEN TANA TIDUNG - KALIMANTAN UTARA'),
	(6504, 'KABUPATEN NUNUKAN - KALIMANTAN UTARA'),
	(6571, 'KOTA TARAKAN - KALIMANTAN UTARA'),
	(7101, 'KABUPATEN BOLAANG MONGONDOW - SULAWESI UTARA'),
	(7102, 'KABUPATEN MINAHASA - SULAWESI UTARA'),
	(7103, 'KABUPATEN KEPULAUAN SANGIHE - SULAWESI UTARA'),
	(7104, 'KABUPATEN KEPULAUAN TALAUD - SULAWESI UTARA'),
	(7105, 'KABUPATEN MINAHASA SELATAN - SULAWESI UTARA'),
	(7106, 'KABUPATEN MINAHASA UTARA - SULAWESI UTARA'),
	(7107, 'KABUPATEN BOLAANG MONGONDOW UTARA - SULAWESI UTARA'),
	(7108, 'KABUPATEN SIAU TAGULANDANG BIARO - SULAWESI UTARA'),
	(7109, 'KABUPATEN MINAHASA TENGGARA - SULAWESI UTARA'),
	(7110, 'KABUPATEN BOLAANG MONGONDOW SELATAN - SULAWESI UTARA'),
	(7111, 'KABUPATEN BOLAANG MONGONDOW TIMUR - SULAWESI UTARA'),
	(7171, 'KOTA MANADO - SULAWESI UTARA'),
	(7172, 'KOTA BITUNG - SULAWESI UTARA'),
	(7173, 'KOTA TOMOHON - SULAWESI UTARA'),
	(7174, 'KOTA KOTAMOBAGU - SULAWESI UTARA'),
	(7201, 'KABUPATEN BANGGAI KEPULAUAN - SULAWESI TENGAH'),
	(7202, 'KABUPATEN BANGGAI - SULAWESI TENGAH'),
	(7203, 'KABUPATEN MOROWALI - SULAWESI TENGAH'),
	(7204, 'KABUPATEN POSO - SULAWESI TENGAH'),
	(7205, 'KABUPATEN DONGGALA - SULAWESI TENGAH'),
	(7206, 'KABUPATEN TOLI-TOLI - SULAWESI TENGAH'),
	(7207, 'KABUPATEN BUOL - SULAWESI TENGAH'),
	(7208, 'KABUPATEN PARIGI MOUTONG - SULAWESI TENGAH'),
	(7209, 'KABUPATEN TOJO UNA-UNA - SULAWESI TENGAH'),
	(7210, 'KABUPATEN SIGI - SULAWESI TENGAH'),
	(7211, 'KABUPATEN BANGGAI LAUT - SULAWESI TENGAH'),
	(7212, 'KABUPATEN MOROWALI UTARA - SULAWESI TENGAH'),
	(7271, 'KOTA PALU - SULAWESI TENGAH'),
	(7301, 'KABUPATEN KEPULAUAN SELAYAR - SULAWESI SELATAN'),
	(7302, 'KABUPATEN BULUKUMBA - SULAWESI SELATAN'),
	(7303, 'KABUPATEN BANTAENG - SULAWESI SELATAN'),
	(7304, 'KABUPATEN JENEPONTO - SULAWESI SELATAN'),
	(7305, 'KABUPATEN TAKALAR - SULAWESI SELATAN'),
	(7306, 'KABUPATEN GOWA - SULAWESI SELATAN'),
	(7307, 'KABUPATEN SINJAI - SULAWESI SELATAN'),
	(7308, 'KABUPATEN MAROS - SULAWESI SELATAN'),
	(7309, 'KABUPATEN PANGKAJENE DAN KEPULAUAN - SULAWESI SELATAN'),
	(7310, 'KABUPATEN BARRU - SULAWESI SELATAN'),
	(7311, 'KABUPATEN BONE - SULAWESI SELATAN'),
	(7312, 'KABUPATEN SOPPENG - SULAWESI SELATAN'),
	(7313, 'KABUPATEN WAJO - SULAWESI SELATAN'),
	(7314, 'KABUPATEN SIDENRENG RAPPANG - SULAWESI SELATAN'),
	(7315, 'KABUPATEN PINRANG - SULAWESI SELATAN'),
	(7316, 'KABUPATEN ENREKANG - SULAWESI SELATAN'),
	(7317, 'KABUPATEN LUWU - SULAWESI SELATAN'),
	(7318, 'KABUPATEN TANA TORAJA - SULAWESI SELATAN'),
	(7322, 'KABUPATEN LUWU UTARA - SULAWESI SELATAN'),
	(7325, 'KABUPATEN LUWU TIMUR - SULAWESI SELATAN'),
	(7326, 'KABUPATEN TORAJA UTARA - SULAWESI SELATAN'),
	(7371, 'KOTA MAKASSAR - SULAWESI SELATAN'),
	(7372, 'KOTA PAREPARE - SULAWESI SELATAN'),
	(7373, 'KOTA PALOPO - SULAWESI SELATAN'),
	(7401, 'KABUPATEN BUTON - SULAWESI TENGGARA'),
	(7402, 'KABUPATEN MUNA - SULAWESI TENGGARA'),
	(7403, 'KABUPATEN KONAWE - SULAWESI TENGGARA'),
	(7404, 'KABUPATEN KOLAKA - SULAWESI TENGGARA'),
	(7405, 'KABUPATEN KONAWE SELATAN - SULAWESI TENGGARA'),
	(7406, 'KABUPATEN BOMBANA - SULAWESI TENGGARA'),
	(7407, 'KABUPATEN WAKATOBI - SULAWESI TENGGARA'),
	(7408, 'KABUPATEN KOLAKA UTARA - SULAWESI TENGGARA'),
	(7409, 'KABUPATEN BUTON UTARA - SULAWESI TENGGARA'),
	(7410, 'KABUPATEN KONAWE UTARA - SULAWESI TENGGARA'),
	(7411, 'KABUPATEN KOLAKA TIMUR - SULAWESI TENGGARA'),
	(7412, 'KABUPATEN KONAWE KEPULAUAN - SULAWESI TENGGARA'),
	(7413, 'KABUPATEN MUNA BARAT - SULAWESI TENGGARA'),
	(7414, 'KABUPATEN BUTON TENGAH - SULAWESI TENGGARA'),
	(7415, 'KABUPATEN BUTON SELATAN - SULAWESI TENGGARA'),
	(7471, 'KOTA KENDARI - SULAWESI TENGGARA'),
	(7472, 'KOTA BAUBAU - SULAWESI TENGGARA'),
	(7501, 'KABUPATEN BOALEMO - GORONTALO'),
	(7502, 'KABUPATEN GORONTALO - GORONTALO'),
	(7503, 'KABUPATEN POHUWATO - GORONTALO'),
	(7504, 'KABUPATEN BONE BOLANGO - GORONTALO'),
	(7505, 'KABUPATEN GORONTALO UTARA - GORONTALO'),
	(7571, 'KOTA GORONTALO - GORONTALO'),
	(7601, 'KABUPATEN MAJENE - SULAWESI BARAT'),
	(7602, 'KABUPATEN POLEWALI MANDAR - SULAWESI BARAT'),
	(7603, 'KABUPATEN MAMASA - SULAWESI BARAT'),
	(7604, 'KABUPATEN MAMUJU - SULAWESI BARAT'),
	(7605, 'KABUPATEN MAMUJU UTARA - SULAWESI BARAT'),
	(7606, 'KABUPATEN MAMUJU TENGAH - SULAWESI BARAT'),
	(8101, 'KABUPATEN MALUKU TENGGARA BARAT - MALUKU'),
	(8102, 'KABUPATEN MALUKU TENGGARA - MALUKU'),
	(8103, 'KABUPATEN MALUKU TENGAH - MALUKU'),
	(8104, 'KABUPATEN BURU - MALUKU'),
	(8105, 'KABUPATEN KEPULAUAN ARU - MALUKU'),
	(8106, 'KABUPATEN SERAM BAGIAN BARAT - MALUKU'),
	(8107, 'KABUPATEN SERAM BAGIAN TIMUR - MALUKU'),
	(8108, 'KABUPATEN MALUKU BARAT DAYA - MALUKU'),
	(8109, 'KABUPATEN BURU SELATAN - MALUKU'),
	(8171, 'KOTA AMBON - MALUKU'),
	(8172, 'KOTA TUAL - MALUKU'),
	(8201, 'KABUPATEN HALMAHERA BARAT - MALUKU UTARA'),
	(8202, 'KABUPATEN HALMAHERA TENGAH - MALUKU UTARA'),
	(8203, 'KABUPATEN KEPULAUAN SULA - MALUKU UTARA'),
	(8204, 'KABUPATEN HALMAHERA SELATAN - MALUKU UTARA'),
	(8205, 'KABUPATEN HALMAHERA UTARA - MALUKU UTARA'),
	(8206, 'KABUPATEN HALMAHERA TIMUR - MALUKU UTARA'),
	(8207, 'KABUPATEN PULAU MOROTAI - MALUKU UTARA'),
	(8208, 'KABUPATEN PULAU TALIABU - MALUKU UTARA'),
	(8271, 'KOTA TERNATE - MALUKU UTARA'),
	(8272, 'KOTA TIDORE KEPULAUAN - MALUKU UTARA'),
	(9101, 'KABUPATEN FAKFAK - PAPUA BARAT'),
	(9102, 'KABUPATEN KAIMANA - PAPUA BARAT'),
	(9103, 'KABUPATEN TELUK WONDAMA - PAPUA BARAT'),
	(9104, 'KABUPATEN TELUK BINTUNI - PAPUA BARAT'),
	(9105, 'KABUPATEN MANOKWARI - PAPUA BARAT'),
	(9106, 'KABUPATEN SORONG SELATAN - PAPUA BARAT'),
	(9107, 'KABUPATEN SORONG - PAPUA BARAT'),
	(9108, 'KABUPATEN RAJA AMPAT - PAPUA BARAT'),
	(9109, 'KABUPATEN TAMBRAUW - PAPUA BARAT'),
	(9110, 'KABUPATEN MAYBRAT - PAPUA BARAT'),
	(9111, 'KABUPATEN MANOKWARI SELATAN - PAPUA BARAT'),
	(9112, 'KABUPATEN PEGUNUNGAN ARFAK - PAPUA BARAT'),
	(9171, 'KOTA SORONG - PAPUA BARAT'),
	(9401, 'KABUPATEN MERAUKE - PAPUA'),
	(9402, 'KABUPATEN JAYAWIJAYA - PAPUA'),
	(9403, 'KABUPATEN JAYAPURA - PAPUA'),
	(9404, 'KABUPATEN NABIRE - PAPUA'),
	(9408, 'KABUPATEN KEPULAUAN YAPEN - PAPUA'),
	(9409, 'KABUPATEN BIAK NUMFOR - PAPUA'),
	(9410, 'KABUPATEN PANIAI - PAPUA'),
	(9411, 'KABUPATEN PUNCAK JAYA - PAPUA'),
	(9412, 'KABUPATEN MIMIKA - PAPUA'),
	(9413, 'KABUPATEN BOVEN DIGOEL - PAPUA'),
	(9414, 'KABUPATEN MAPPI - PAPUA'),
	(9415, 'KABUPATEN ASMAT - PAPUA'),
	(9416, 'KABUPATEN YAHUKIMO - PAPUA'),
	(9417, 'KABUPATEN PEGUNUNGAN BINTANG - PAPUA'),
	(9418, 'KABUPATEN TOLIKARA - PAPUA'),
	(9419, 'KABUPATEN SARMI - PAPUA'),
	(9420, 'KABUPATEN KEEROM - PAPUA'),
	(9426, 'KABUPATEN WAROPEN - PAPUA'),
	(9427, 'KABUPATEN SUPIORI - PAPUA'),
	(9428, 'KABUPATEN MAMBERAMO RAYA - PAPUA'),
	(9429, 'KABUPATEN NDUGA - PAPUA'),
	(9430, 'KABUPATEN LANNY JAYA - PAPUA'),
	(9431, 'KABUPATEN MAMBERAMO TENGAH - PAPUA'),
	(9432, 'KABUPATEN YALIMO - PAPUA'),
	(9433, 'KABUPATEN PUNCAK - PAPUA'),
	(9434, 'KABUPATEN DOGIYAI - PAPUA'),
	(9435, 'KABUPATEN INTAN JAYA - PAPUA'),
	(9436, 'KABUPATEN DEIYAI - PAPUA'),
	(9471, 'KOTA JAYAPURA - PAPUA');

-- Dumping structure for table harispos._setting
CREATE TABLE IF NOT EXISTS `_setting` (
  `id_setting` int(11) NOT NULL AUTO_INCREMENT,
  `variable` varchar(50) DEFAULT NULL,
  `value` text DEFAULT NULL,
  PRIMARY KEY (`id_setting`)
) ENGINE=InnoDB AUTO_INCREMENT=6 DEFAULT CHARSET=utf8mb4 COLLATE=utf8mb4_general_ci;

-- Dumping data for table harispos._setting: ~4 rows (approximately)
INSERT INTO `_setting` (`id_setting`, `variable`, `value`) VALUES
	(1, 'company_name', 'UD Bayu'),
	(2, 'company_logo', 'company_logo/logo4.png'),
	(3, 'company_address', 'Dsn Penitik 03 Ds Wonosari Kec Puger Kab Jember'),
	(4, 'pos_printer_addres', 'http://localhost/posprinter/');

-- Dumping structure for table harispos.__ci_sessions
CREATE TABLE IF NOT EXISTS `__ci_sessions` (
  `id` varchar(128) NOT NULL,
  `ip_address` varchar(45) NOT NULL,
  `timestamp` int(10) unsigned NOT NULL DEFAULT 0,
  `data` blob NOT NULL,
  KEY `ci_sessions_timestamp` (`timestamp`) USING BTREE
) ENGINE=InnoDB DEFAULT CHARSET=utf8mb4 COLLATE=utf8mb4_general_ci ROW_FORMAT=DYNAMIC;

-- Dumping data for table harispos.__ci_sessions: ~67 rows (approximately)
INSERT INTO `__ci_sessions` (`id`, `ip_address`, `timestamp`, `data`) VALUES
	('3404ff0f4b6b907845129763616d902707fb72c8', '127.0.0.1', 1728229510, _binary 0x5f5f63695f6c6173745f726567656e65726174657c693a313732383232393531303b69645f75736572737c733a313a2231223b69645f6a61626174616e7c733a313a2231223b757365726e616d657c733a353a2261646d696e223b656d61696c7c733a31343a2261646d696e406d61696c2e636f6d223b70617373776f72647c733a33323a223231323332663239376135376135613734333839346130653461383031666333223b),
	('9cf0f605f5fadccda30f835f3eb82d08065d300d', '127.0.0.1', 1728229838, _binary 0x5f5f63695f6c6173745f726567656e65726174657c693a313732383232393833383b69645f75736572737c733a313a2231223b69645f6a61626174616e7c733a313a2231223b757365726e616d657c733a353a2261646d696e223b656d61696c7c733a31343a2261646d696e406d61696c2e636f6d223b70617373776f72647c733a33323a223231323332663239376135376135613734333839346130653461383031666333223b),
	('90a17c394dcf1bff989b5265cbb5cb8a779052f4', '127.0.0.1', 1728230156, _binary 0x5f5f63695f6c6173745f726567656e65726174657c693a313732383233303135363b69645f75736572737c733a313a2231223b69645f6a61626174616e7c733a313a2231223b757365726e616d657c733a353a2261646d696e223b656d61696c7c733a31343a2261646d696e406d61696c2e636f6d223b70617373776f72647c733a33323a223231323332663239376135376135613734333839346130653461383031666333223b),
	('1675ebac9a575dbf8d4c9d7385965aba3a118251', '127.0.0.1', 1728230476, _binary 0x5f5f63695f6c6173745f726567656e65726174657c693a313732383233303437363b69645f75736572737c733a313a2231223b69645f6a61626174616e7c733a313a2231223b757365726e616d657c733a353a2261646d696e223b656d61696c7c733a31343a2261646d696e406d61696c2e636f6d223b70617373776f72647c733a33323a223231323332663239376135376135613734333839346130653461383031666333223b),
	('63ed3b20082f7d4607ef5f7928b15c3621d55df2', '127.0.0.1', 1728230800, _binary 0x5f5f63695f6c6173745f726567656e65726174657c693a313732383233303830303b69645f75736572737c733a313a2231223b69645f6a61626174616e7c733a313a2231223b757365726e616d657c733a353a2261646d696e223b656d61696c7c733a31343a2261646d696e406d61696c2e636f6d223b70617373776f72647c733a33323a223231323332663239376135376135613734333839346130653461383031666333223b),
	('3511f38e5d6115f11fa47db442f5300d6be9b789', '127.0.0.1', 1728231128, _binary 0x5f5f63695f6c6173745f726567656e65726174657c693a313732383233313132383b69645f75736572737c733a313a2231223b69645f6a61626174616e7c733a313a2231223b757365726e616d657c733a353a2261646d696e223b656d61696c7c733a31343a2261646d696e406d61696c2e636f6d223b70617373776f72647c733a33323a223231323332663239376135376135613734333839346130653461383031666333223b),
	('86c1f048c6ab11f31facdb5fbbf434b9fe9d8fcb', '127.0.0.1', 1728231557, _binary 0x5f5f63695f6c6173745f726567656e65726174657c693a313732383233313535373b69645f75736572737c733a313a2231223b69645f6a61626174616e7c733a313a2231223b757365726e616d657c733a353a2261646d696e223b656d61696c7c733a31343a2261646d696e406d61696c2e636f6d223b70617373776f72647c733a33323a223231323332663239376135376135613734333839346130653461383031666333223b),
	('f1b3e5bb4b3e11ede72a020a5048adcee78e3a24', '127.0.0.1', 1728231902, _binary 0x5f5f63695f6c6173745f726567656e65726174657c693a313732383233313930323b69645f75736572737c733a313a2231223b69645f6a61626174616e7c733a313a2231223b757365726e616d657c733a353a2261646d696e223b656d61696c7c733a31343a2261646d696e406d61696c2e636f6d223b70617373776f72647c733a33323a223231323332663239376135376135613734333839346130653461383031666333223b),
	('dfdbece7eecc071336f3478c773bdbe03c0c5fa3', '127.0.0.1', 1728232326, _binary 0x5f5f63695f6c6173745f726567656e65726174657c693a313732383233323332363b69645f75736572737c733a313a2231223b69645f6a61626174616e7c733a313a2231223b757365726e616d657c733a353a2261646d696e223b656d61696c7c733a31343a2261646d696e406d61696c2e636f6d223b70617373776f72647c733a33323a223231323332663239376135376135613734333839346130653461383031666333223b),
	('3171d313f7050edd031e2160104c6fc66ec4cfb5', '127.0.0.1', 1728232865, _binary 0x5f5f63695f6c6173745f726567656e65726174657c693a313732383233323836353b69645f75736572737c733a313a2231223b69645f6a61626174616e7c733a313a2231223b757365726e616d657c733a353a2261646d696e223b656d61696c7c733a31343a2261646d696e406d61696c2e636f6d223b70617373776f72647c733a33323a223231323332663239376135376135613734333839346130653461383031666333223b),
	('c00c0c6b72aa2695fc1f657287db7aae4a4010fe', '127.0.0.1', 1728233195, _binary 0x5f5f63695f6c6173745f726567656e65726174657c693a313732383233333139353b69645f75736572737c733a313a2231223b69645f6a61626174616e7c733a313a2231223b757365726e616d657c733a353a2261646d696e223b656d61696c7c733a31343a2261646d696e406d61696c2e636f6d223b70617373776f72647c733a33323a223231323332663239376135376135613734333839346130653461383031666333223b),
	('b4df9e583721092b0b2d658d3e88234b71db0fe2', '127.0.0.1', 1728233684, _binary 0x5f5f63695f6c6173745f726567656e65726174657c693a313732383233333638343b69645f75736572737c733a313a2231223b69645f6a61626174616e7c733a313a2231223b757365726e616d657c733a353a2261646d696e223b656d61696c7c733a31343a2261646d696e406d61696c2e636f6d223b70617373776f72647c733a33323a223231323332663239376135376135613734333839346130653461383031666333223b),
	('064a0f9bf0ce93e2641cd2b510636d675db4f712', '127.0.0.1', 1728234100, _binary 0x5f5f63695f6c6173745f726567656e65726174657c693a313732383233343130303b69645f75736572737c733a313a2231223b69645f6a61626174616e7c733a313a2231223b757365726e616d657c733a353a2261646d696e223b656d61696c7c733a31343a2261646d696e406d61696c2e636f6d223b70617373776f72647c733a33323a223231323332663239376135376135613734333839346130653461383031666333223b),
	('709d7eed57359457be5e3202d542781597a0a753', '127.0.0.1', 1728234407, _binary 0x5f5f63695f6c6173745f726567656e65726174657c693a313732383233343430373b69645f75736572737c733a313a2231223b69645f6a61626174616e7c733a313a2231223b757365726e616d657c733a353a2261646d696e223b656d61696c7c733a31343a2261646d696e406d61696c2e636f6d223b70617373776f72647c733a33323a223231323332663239376135376135613734333839346130653461383031666333223b),
	('a29675123da90c00a83d7e2941c91eb5133921fc', '127.0.0.1', 1728234818, _binary 0x5f5f63695f6c6173745f726567656e65726174657c693a313732383233343831383b69645f75736572737c733a313a2231223b69645f6a61626174616e7c733a313a2231223b757365726e616d657c733a353a2261646d696e223b656d61696c7c733a31343a2261646d696e406d61696c2e636f6d223b70617373776f72647c733a33323a223231323332663239376135376135613734333839346130653461383031666333223b),
	('8ff86da9a10b83580e2b06fe646e0013b1d75d5b', '127.0.0.1', 1728235119, _binary 0x5f5f63695f6c6173745f726567656e65726174657c693a313732383233353131393b69645f75736572737c733a313a2231223b69645f6a61626174616e7c733a313a2231223b757365726e616d657c733a353a2261646d696e223b656d61696c7c733a31343a2261646d696e406d61696c2e636f6d223b70617373776f72647c733a33323a223231323332663239376135376135613734333839346130653461383031666333223b),
	('c7b47957552d79de6a853af261ff7c2f61db4350', '127.0.0.1', 1728235468, _binary 0x5f5f63695f6c6173745f726567656e65726174657c693a313732383233353436383b69645f75736572737c733a313a2231223b69645f6a61626174616e7c733a313a2231223b757365726e616d657c733a353a2261646d696e223b656d61696c7c733a31343a2261646d696e406d61696c2e636f6d223b70617373776f72647c733a33323a223231323332663239376135376135613734333839346130653461383031666333223b),
	('cbd388920f2638fc58d06669e6295c0162fc2cb5', '127.0.0.1', 1728235857, _binary 0x5f5f63695f6c6173745f726567656e65726174657c693a313732383233353835373b69645f75736572737c733a313a2231223b69645f6a61626174616e7c733a313a2231223b757365726e616d657c733a353a2261646d696e223b656d61696c7c733a31343a2261646d696e406d61696c2e636f6d223b70617373776f72647c733a33323a223231323332663239376135376135613734333839346130653461383031666333223b),
	('b440ae97e3eb870ee8f1560e16846f202dbb1616', '127.0.0.1', 1728236178, _binary 0x5f5f63695f6c6173745f726567656e65726174657c693a313732383233363137383b69645f75736572737c733a313a2231223b69645f6a61626174616e7c733a313a2231223b757365726e616d657c733a353a2261646d696e223b656d61696c7c733a31343a2261646d696e406d61696c2e636f6d223b70617373776f72647c733a33323a223231323332663239376135376135613734333839346130653461383031666333223b),
	('60c897d07342eb33f7d2bc9017eb77bc648a5631', '127.0.0.1', 1728237245, _binary 0x5f5f63695f6c6173745f726567656e65726174657c693a313732383233373234353b69645f75736572737c733a313a2231223b69645f6a61626174616e7c733a313a2231223b757365726e616d657c733a353a2261646d696e223b656d61696c7c733a31343a2261646d696e406d61696c2e636f6d223b70617373776f72647c733a33323a223231323332663239376135376135613734333839346130653461383031666333223b),
	('bec669eafc68407694d63579368389284aeb9a31', '127.0.0.1', 1728237616, _binary 0x5f5f63695f6c6173745f726567656e65726174657c693a313732383233373631363b69645f75736572737c733a313a2231223b69645f6a61626174616e7c733a313a2231223b757365726e616d657c733a353a2261646d696e223b656d61696c7c733a31343a2261646d696e406d61696c2e636f6d223b70617373776f72647c733a33323a223231323332663239376135376135613734333839346130653461383031666333223b),
	('447ae8e5291fb236b0b319070c8292e5a0f28fe5', '127.0.0.1', 1728237983, _binary 0x5f5f63695f6c6173745f726567656e65726174657c693a313732383233373938333b69645f75736572737c733a313a2231223b69645f6a61626174616e7c733a313a2231223b757365726e616d657c733a353a2261646d696e223b656d61696c7c733a31343a2261646d696e406d61696c2e636f6d223b70617373776f72647c733a33323a223231323332663239376135376135613734333839346130653461383031666333223b),
	('375247482b8b204ee9c6b324b9fe10d778add9e8', '127.0.0.1', 1728238450, _binary 0x5f5f63695f6c6173745f726567656e65726174657c693a313732383233383435303b69645f75736572737c733a313a2231223b69645f6a61626174616e7c733a313a2231223b757365726e616d657c733a353a2261646d696e223b656d61696c7c733a31343a2261646d696e406d61696c2e636f6d223b70617373776f72647c733a33323a223231323332663239376135376135613734333839346130653461383031666333223b),
	('dcbd7676329c1ff3c990f72797fd1b1d8ed5cb56', '127.0.0.1', 1728238925, _binary 0x5f5f63695f6c6173745f726567656e65726174657c693a313732383233383932353b69645f75736572737c733a313a2231223b69645f6a61626174616e7c733a313a2231223b757365726e616d657c733a353a2261646d696e223b656d61696c7c733a31343a2261646d696e406d61696c2e636f6d223b70617373776f72647c733a33323a223231323332663239376135376135613734333839346130653461383031666333223b),
	('1e8814bb1a8cb0c7da5c74173c7150f8c5ab48d5', '127.0.0.1', 1728239552, _binary 0x5f5f63695f6c6173745f726567656e65726174657c693a313732383233393535323b69645f75736572737c733a313a2231223b69645f6a61626174616e7c733a313a2231223b757365726e616d657c733a353a2261646d696e223b656d61696c7c733a31343a2261646d696e406d61696c2e636f6d223b70617373776f72647c733a33323a223231323332663239376135376135613734333839346130653461383031666333223b),
	('d316038f7c06409df418eaab28f916e6588f25f5', '127.0.0.1', 1728239926, _binary 0x5f5f63695f6c6173745f726567656e65726174657c693a313732383233393932363b69645f75736572737c733a313a2231223b69645f6a61626174616e7c733a313a2231223b757365726e616d657c733a353a2261646d696e223b656d61696c7c733a31343a2261646d696e406d61696c2e636f6d223b70617373776f72647c733a33323a223231323332663239376135376135613734333839346130653461383031666333223b),
	('7895d62f9ffac7305c9cf58c29187ff3a6e990d4', '127.0.0.1', 1728240114, _binary 0x5f5f63695f6c6173745f726567656e65726174657c693a313732383233393932363b69645f75736572737c733a313a2231223b69645f6a61626174616e7c733a313a2231223b757365726e616d657c733a353a2261646d696e223b656d61696c7c733a31343a2261646d696e406d61696c2e636f6d223b70617373776f72647c733a33323a223231323332663239376135376135613734333839346130653461383031666333223b),
	('2be3533d0152a05db73d010bf44b80f2b0fc4e85', '127.0.0.1', 1728302541, _binary 0x5f5f63695f6c6173745f726567656e65726174657c693a313732383330323534313b69645f75736572737c733a313a2231223b69645f6a61626174616e7c733a313a2231223b757365726e616d657c733a353a2261646d696e223b656d61696c7c733a31343a2261646d696e406d61696c2e636f6d223b70617373776f72647c733a33323a223231323332663239376135376135613734333839346130653461383031666333223b),
	('92dbd95516d21f730535eb4ec7ddf0d2c6d52e70', '127.0.0.1', 1728303416, _binary 0x5f5f63695f6c6173745f726567656e65726174657c693a313732383330333431363b69645f75736572737c733a313a2231223b69645f6a61626174616e7c733a313a2231223b757365726e616d657c733a353a2261646d696e223b656d61696c7c733a31343a2261646d696e406d61696c2e636f6d223b70617373776f72647c733a33323a223231323332663239376135376135613734333839346130653461383031666333223b),
	('cf1a53f78783dc55911009bc3f1af37aa7704547', '127.0.0.1', 1728305633, _binary 0x5f5f63695f6c6173745f726567656e65726174657c693a313732383330353633333b69645f75736572737c733a313a2231223b69645f6a61626174616e7c733a313a2231223b757365726e616d657c733a353a2261646d696e223b656d61696c7c733a31343a2261646d696e406d61696c2e636f6d223b70617373776f72647c733a33323a223231323332663239376135376135613734333839346130653461383031666333223b),
	('822332da77de548e6bbefe987417860b4d9500f7', '127.0.0.1', 1728307679, _binary 0x5f5f63695f6c6173745f726567656e65726174657c693a313732383330373637393b69645f75736572737c733a313a2231223b69645f6a61626174616e7c733a313a2231223b757365726e616d657c733a353a2261646d696e223b656d61696c7c733a31343a2261646d696e406d61696c2e636f6d223b70617373776f72647c733a33323a223231323332663239376135376135613734333839346130653461383031666333223b),
	('dc13deb523f9953233bb2a197cbdd6ce93d4c8d8', '127.0.0.1', 1728308285, _binary 0x5f5f63695f6c6173745f726567656e65726174657c693a313732383330383238353b69645f75736572737c733a313a2231223b69645f6a61626174616e7c733a313a2231223b757365726e616d657c733a353a2261646d696e223b656d61696c7c733a31343a2261646d696e406d61696c2e636f6d223b70617373776f72647c733a33323a223231323332663239376135376135613734333839346130653461383031666333223b),
	('3fd836a1f09959f94624ae9a27e98956dd448076', '127.0.0.1', 1728308633, _binary 0x5f5f63695f6c6173745f726567656e65726174657c693a313732383330383633333b69645f75736572737c733a313a2231223b69645f6a61626174616e7c733a313a2231223b757365726e616d657c733a353a2261646d696e223b656d61696c7c733a31343a2261646d696e406d61696c2e636f6d223b70617373776f72647c733a33323a223231323332663239376135376135613734333839346130653461383031666333223b),
	('23fc34a0389e439dcf6cae3c78768415d6da7d6c', '127.0.0.1', 1728309082, _binary 0x5f5f63695f6c6173745f726567656e65726174657c693a313732383330393038323b69645f75736572737c733a313a2231223b69645f6a61626174616e7c733a313a2231223b757365726e616d657c733a353a2261646d696e223b656d61696c7c733a31343a2261646d696e406d61696c2e636f6d223b70617373776f72647c733a33323a223231323332663239376135376135613734333839346130653461383031666333223b),
	('5527c5cc54cc15b5523fe74edfc5e0f854bfc4a8', '127.0.0.1', 1728309389, _binary 0x5f5f63695f6c6173745f726567656e65726174657c693a313732383330393338393b69645f75736572737c733a313a2231223b69645f6a61626174616e7c733a313a2231223b757365726e616d657c733a353a2261646d696e223b656d61696c7c733a31343a2261646d696e406d61696c2e636f6d223b70617373776f72647c733a33323a223231323332663239376135376135613734333839346130653461383031666333223b),
	('de454f07cc286104db8911cb1409a045fcb97a2c', '127.0.0.1', 1728309389, _binary 0x5f5f63695f6c6173745f726567656e65726174657c693a313732383330393338393b69645f75736572737c733a313a2231223b69645f6a61626174616e7c733a313a2231223b757365726e616d657c733a353a2261646d696e223b656d61696c7c733a31343a2261646d696e406d61696c2e636f6d223b70617373776f72647c733a33323a223231323332663239376135376135613734333839346130653461383031666333223b),
	('3249f8659c704f9de4452bcc07f20da8e981fef1', '127.0.0.1', 1728322205, _binary 0x5f5f63695f6c6173745f726567656e65726174657c693a313732383332323230353b69645f75736572737c733a313a2231223b69645f6a61626174616e7c733a313a2231223b757365726e616d657c733a353a2261646d696e223b656d61696c7c733a31343a2261646d696e406d61696c2e636f6d223b70617373776f72647c733a33323a223231323332663239376135376135613734333839346130653461383031666333223b),
	('89ff88a0660c89b00d700c6a7dc5367886678493', '127.0.0.1', 1728322788, _binary 0x5f5f63695f6c6173745f726567656e65726174657c693a313732383332323738383b69645f75736572737c733a313a2231223b69645f6a61626174616e7c733a313a2231223b757365726e616d657c733a353a2261646d696e223b656d61696c7c733a31343a2261646d696e406d61696c2e636f6d223b70617373776f72647c733a33323a223231323332663239376135376135613734333839346130653461383031666333223b),
	('bcc655d217376b9e19c15b25ab57996aaabe9f43', '127.0.0.1', 1728323181, _binary 0x5f5f63695f6c6173745f726567656e65726174657c693a313732383332333138313b69645f75736572737c733a313a2231223b69645f6a61626174616e7c733a313a2231223b757365726e616d657c733a353a2261646d696e223b656d61696c7c733a31343a2261646d696e406d61696c2e636f6d223b70617373776f72647c733a33323a223231323332663239376135376135613734333839346130653461383031666333223b),
	('ab42a59a46e1caa9627ea3b18f6da9df7018f1ce', '127.0.0.1', 1728323517, _binary 0x5f5f63695f6c6173745f726567656e65726174657c693a313732383332333531373b69645f75736572737c733a313a2231223b69645f6a61626174616e7c733a313a2231223b757365726e616d657c733a353a2261646d696e223b656d61696c7c733a31343a2261646d696e406d61696c2e636f6d223b70617373776f72647c733a33323a223231323332663239376135376135613734333839346130653461383031666333223b),
	('144a050f7e4b8fb0592d039cc48eda395a048de1', '127.0.0.1', 1728323830, _binary 0x5f5f63695f6c6173745f726567656e65726174657c693a313732383332333833303b69645f75736572737c733a313a2231223b69645f6a61626174616e7c733a313a2231223b757365726e616d657c733a353a2261646d696e223b656d61696c7c733a31343a2261646d696e406d61696c2e636f6d223b70617373776f72647c733a33323a223231323332663239376135376135613734333839346130653461383031666333223b),
	('94e29d492e09f70f4271340709171c60484bd0ed', '127.0.0.1', 1728324197, _binary 0x5f5f63695f6c6173745f726567656e65726174657c693a313732383332343139373b69645f75736572737c733a313a2231223b69645f6a61626174616e7c733a313a2231223b757365726e616d657c733a353a2261646d696e223b656d61696c7c733a31343a2261646d696e406d61696c2e636f6d223b70617373776f72647c733a33323a223231323332663239376135376135613734333839346130653461383031666333223b),
	('9bbc8a33ead78a53617909430eece08ae5228170', '127.0.0.1', 1728324515, _binary 0x5f5f63695f6c6173745f726567656e65726174657c693a313732383332343531353b69645f75736572737c733a313a2231223b69645f6a61626174616e7c733a313a2231223b757365726e616d657c733a353a2261646d696e223b656d61696c7c733a31343a2261646d696e406d61696c2e636f6d223b70617373776f72647c733a33323a223231323332663239376135376135613734333839346130653461383031666333223b),
	('4d0fc98b866da26fe2a999e7190ce823b1eef3e9', '127.0.0.1', 1728325221, _binary 0x5f5f63695f6c6173745f726567656e65726174657c693a313732383332353232313b69645f75736572737c733a313a2231223b69645f6a61626174616e7c733a313a2231223b757365726e616d657c733a353a2261646d696e223b656d61696c7c733a31343a2261646d696e406d61696c2e636f6d223b70617373776f72647c733a33323a223231323332663239376135376135613734333839346130653461383031666333223b),
	('5ae257e65331b2685d6abdfad4d7cc5ca7285b55', '127.0.0.1', 1728325529, _binary 0x5f5f63695f6c6173745f726567656e65726174657c693a313732383332353532393b69645f75736572737c733a313a2231223b69645f6a61626174616e7c733a313a2231223b757365726e616d657c733a353a2261646d696e223b656d61696c7c733a31343a2261646d696e406d61696c2e636f6d223b70617373776f72647c733a33323a223231323332663239376135376135613734333839346130653461383031666333223b),
	('f6485ddbdce10e7c972018c926c1a9950b7c25c5', '127.0.0.1', 1728325899, _binary 0x5f5f63695f6c6173745f726567656e65726174657c693a313732383332353839393b69645f75736572737c733a313a2231223b69645f6a61626174616e7c733a313a2231223b757365726e616d657c733a353a2261646d696e223b656d61696c7c733a31343a2261646d696e406d61696c2e636f6d223b70617373776f72647c733a33323a223231323332663239376135376135613734333839346130653461383031666333223b),
	('2a90984ba4e37b1eab3197c62411ada4a8d3c6e3', '127.0.0.1', 1728326208, _binary 0x5f5f63695f6c6173745f726567656e65726174657c693a313732383332363230383b69645f75736572737c733a313a2231223b69645f6a61626174616e7c733a313a2231223b757365726e616d657c733a353a2261646d696e223b656d61696c7c733a31343a2261646d696e406d61696c2e636f6d223b70617373776f72647c733a33323a223231323332663239376135376135613734333839346130653461383031666333223b),
	('a00d95ed18fee414fa3024107f31da093e793a5c', '127.0.0.1', 1728326561, _binary 0x5f5f63695f6c6173745f726567656e65726174657c693a313732383332363536313b69645f75736572737c733a313a2231223b69645f6a61626174616e7c733a313a2231223b757365726e616d657c733a353a2261646d696e223b656d61696c7c733a31343a2261646d696e406d61696c2e636f6d223b70617373776f72647c733a33323a223231323332663239376135376135613734333839346130653461383031666333223b),
	('6fa61c918befc4835bd31600d8e3796f06b932c7', '127.0.0.1', 1728326846, _binary 0x5f5f63695f6c6173745f726567656e65726174657c693a313732383332363536313b69645f75736572737c733a313a2231223b69645f6a61626174616e7c733a313a2231223b757365726e616d657c733a353a2261646d696e223b656d61696c7c733a31343a2261646d696e406d61696c2e636f6d223b70617373776f72647c733a33323a223231323332663239376135376135613734333839346130653461383031666333223b),
	('4884b6743ae006c713b4d34667a57d24981dff00', '127.0.0.1', 1728385631, _binary 0x5f5f63695f6c6173745f726567656e65726174657c693a313732383338353633313b69645f75736572737c733a313a2231223b69645f6a61626174616e7c733a313a2231223b757365726e616d657c733a353a2261646d696e223b656d61696c7c733a31343a2261646d696e406d61696c2e636f6d223b70617373776f72647c733a33323a223231323332663239376135376135613734333839346130653461383031666333223b),
	('7f7a0788cfbeecbdd79dd2d188b54d14ebfc9de7', '127.0.0.1', 1728386232, _binary 0x5f5f63695f6c6173745f726567656e65726174657c693a313732383338363233323b69645f75736572737c733a313a2231223b69645f6a61626174616e7c733a313a2231223b757365726e616d657c733a353a2261646d696e223b656d61696c7c733a31343a2261646d696e406d61696c2e636f6d223b70617373776f72647c733a33323a223231323332663239376135376135613734333839346130653461383031666333223b),
	('ad7e66466279c16ae4908f06f13b6daf72361a3d', '127.0.0.1', 1728386560, _binary 0x5f5f63695f6c6173745f726567656e65726174657c693a313732383338363536303b69645f75736572737c733a313a2231223b69645f6a61626174616e7c733a313a2231223b757365726e616d657c733a353a2261646d696e223b656d61696c7c733a31343a2261646d696e406d61696c2e636f6d223b70617373776f72647c733a33323a223231323332663239376135376135613734333839346130653461383031666333223b),
	('fa86c0d8aa352c30c7ddaa0f7fa4f72cd292b2c3', '127.0.0.1', 1728386880, _binary 0x5f5f63695f6c6173745f726567656e65726174657c693a313732383338363838303b69645f75736572737c733a313a2231223b69645f6a61626174616e7c733a313a2231223b757365726e616d657c733a353a2261646d696e223b656d61696c7c733a31343a2261646d696e406d61696c2e636f6d223b70617373776f72647c733a33323a223231323332663239376135376135613734333839346130653461383031666333223b),
	('b01354edd9ddab480f99548cac06da7215f19705', '127.0.0.1', 1728387402, _binary 0x5f5f63695f6c6173745f726567656e65726174657c693a313732383338373430323b69645f75736572737c733a313a2231223b69645f6a61626174616e7c733a313a2231223b757365726e616d657c733a353a2261646d696e223b656d61696c7c733a31343a2261646d696e406d61696c2e636f6d223b70617373776f72647c733a33323a223231323332663239376135376135613734333839346130653461383031666333223b),
	('7e18e86a3c6e7c937ae378438ccddbc9dab22f66', '127.0.0.1', 1728387735, _binary 0x5f5f63695f6c6173745f726567656e65726174657c693a313732383338373733353b69645f75736572737c733a313a2231223b69645f6a61626174616e7c733a313a2231223b757365726e616d657c733a353a2261646d696e223b656d61696c7c733a31343a2261646d696e406d61696c2e636f6d223b70617373776f72647c733a33323a223231323332663239376135376135613734333839346130653461383031666333223b),
	('89127da1ecc5d71786d5b4366c62a0cf47eede65', '127.0.0.1', 1728388339, _binary 0x5f5f63695f6c6173745f726567656e65726174657c693a313732383338383333393b69645f75736572737c733a313a2231223b69645f6a61626174616e7c733a313a2231223b757365726e616d657c733a353a2261646d696e223b656d61696c7c733a31343a2261646d696e406d61696c2e636f6d223b70617373776f72647c733a33323a223231323332663239376135376135613734333839346130653461383031666333223b),
	('a2fdf3215db72b274abea28b664ec9213b8316da', '127.0.0.1', 1728388660, _binary 0x5f5f63695f6c6173745f726567656e65726174657c693a313732383338383636303b69645f75736572737c733a313a2231223b69645f6a61626174616e7c733a313a2231223b757365726e616d657c733a353a2261646d696e223b656d61696c7c733a31343a2261646d696e406d61696c2e636f6d223b70617373776f72647c733a33323a223231323332663239376135376135613734333839346130653461383031666333223b),
	('c9a420dab8fbc12f1b80f8da67ffc6d32cef81d0', '127.0.0.1', 1728389007, _binary 0x5f5f63695f6c6173745f726567656e65726174657c693a313732383338393030373b69645f75736572737c733a313a2231223b69645f6a61626174616e7c733a313a2231223b757365726e616d657c733a353a2261646d696e223b656d61696c7c733a31343a2261646d696e406d61696c2e636f6d223b70617373776f72647c733a33323a223231323332663239376135376135613734333839346130653461383031666333223b),
	('901ea6bcab3a2df2d9e5d047f0d3e44e7d843bac', '127.0.0.1', 1728391908, _binary 0x5f5f63695f6c6173745f726567656e65726174657c693a313732383339313930383b69645f75736572737c733a313a2231223b69645f6a61626174616e7c733a313a2231223b757365726e616d657c733a353a2261646d696e223b656d61696c7c733a31343a2261646d696e406d61696c2e636f6d223b70617373776f72647c733a33323a223231323332663239376135376135613734333839346130653461383031666333223b),
	('99e604936ae1f38d7605bf657ad06f4a11005040', '127.0.0.1', 1728396512, _binary 0x5f5f63695f6c6173745f726567656e65726174657c693a313732383339363531323b69645f75736572737c733a313a2231223b69645f6a61626174616e7c733a313a2231223b757365726e616d657c733a353a2261646d696e223b656d61696c7c733a31343a2261646d696e406d61696c2e636f6d223b70617373776f72647c733a33323a223231323332663239376135376135613734333839346130653461383031666333223b),
	('d33619cda5f921447a4f2e86aa3212852258230a', '127.0.0.1', 1728396888, _binary 0x5f5f63695f6c6173745f726567656e65726174657c693a313732383339363838383b69645f75736572737c733a313a2231223b69645f6a61626174616e7c733a313a2231223b757365726e616d657c733a353a2261646d696e223b656d61696c7c733a31343a2261646d696e406d61696c2e636f6d223b70617373776f72647c733a33323a223231323332663239376135376135613734333839346130653461383031666333223b),
	('b9ef429f9131e5e779afd757b161c0c434fe0680', '127.0.0.1', 1728397194, _binary 0x5f5f63695f6c6173745f726567656e65726174657c693a313732383339373139343b69645f75736572737c733a313a2231223b69645f6a61626174616e7c733a313a2231223b757365726e616d657c733a353a2261646d696e223b656d61696c7c733a31343a2261646d696e406d61696c2e636f6d223b70617373776f72647c733a33323a223231323332663239376135376135613734333839346130653461383031666333223b),
	('11d43d3e25577d0653ad213d2b732bf90d597a15', '127.0.0.1', 1728397727, _binary 0x5f5f63695f6c6173745f726567656e65726174657c693a313732383339373732373b69645f75736572737c733a313a2231223b69645f6a61626174616e7c733a313a2231223b757365726e616d657c733a353a2261646d696e223b656d61696c7c733a31343a2261646d696e406d61696c2e636f6d223b70617373776f72647c733a33323a223231323332663239376135376135613734333839346130653461383031666333223b),
	('f2bac9fcf4efa6d66abd59392f71e25fc403f426', '127.0.0.1', 1728398063, _binary 0x5f5f63695f6c6173745f726567656e65726174657c693a313732383339383036333b69645f75736572737c733a313a2231223b69645f6a61626174616e7c733a313a2231223b757365726e616d657c733a353a2261646d696e223b656d61696c7c733a31343a2261646d696e406d61696c2e636f6d223b70617373776f72647c733a33323a223231323332663239376135376135613734333839346130653461383031666333223b),
	('d40c7e23265bd5bb7e481e92c81e79ac3ecfb54a', '127.0.0.1', 1728398408, _binary 0x5f5f63695f6c6173745f726567656e65726174657c693a313732383339383430383b69645f75736572737c733a313a2231223b69645f6a61626174616e7c733a313a2231223b757365726e616d657c733a353a2261646d696e223b656d61696c7c733a31343a2261646d696e406d61696c2e636f6d223b70617373776f72647c733a33323a223231323332663239376135376135613734333839346130653461383031666333223b),
	('3908a5c49783ae6515c310cbbe7e606259603792', '127.0.0.1', 1728398441, _binary 0x5f5f63695f6c6173745f726567656e65726174657c693a313732383339383430383b69645f75736572737c733a313a2231223b69645f6a61626174616e7c733a313a2231223b757365726e616d657c733a353a2261646d696e223b656d61696c7c733a31343a2261646d696e406d61696c2e636f6d223b70617373776f72647c733a33323a223231323332663239376135376135613734333839346130653461383031666333223b),
	('1422d37a35a6f01a678e619e5da7b095247b9e12', '127.0.0.1', 1728445676, _binary 0x5f5f63695f6c6173745f726567656e65726174657c693a313732383434353637363b69645f75736572737c733a313a2231223b69645f6a61626174616e7c733a313a2231223b757365726e616d657c733a353a2261646d696e223b656d61696c7c733a31343a2261646d696e406d61696c2e636f6d223b70617373776f72647c733a33323a223231323332663239376135376135613734333839346130653461383031666333223b),
	('0f2c77acdb440f004c57a852f4a35d3a91b4631d', '127.0.0.1', 1728446000, _binary 0x5f5f63695f6c6173745f726567656e65726174657c693a313732383434363030303b69645f75736572737c733a313a2231223b69645f6a61626174616e7c733a313a2231223b757365726e616d657c733a353a2261646d696e223b656d61696c7c733a31343a2261646d696e406d61696c2e636f6d223b70617373776f72647c733a33323a223231323332663239376135376135613734333839346130653461383031666333223b),
	('9333f5d8fa39abd6b8423d3dc07f681ef8d1d328', '127.0.0.1', 1728446594, _binary 0x5f5f63695f6c6173745f726567656e65726174657c693a313732383434363539343b69645f75736572737c733a313a2231223b69645f6a61626174616e7c733a313a2231223b757365726e616d657c733a353a2261646d696e223b656d61696c7c733a31343a2261646d696e406d61696c2e636f6d223b70617373776f72647c733a33323a223231323332663239376135376135613734333839346130653461383031666333223b),
	('47e6732076833f50b49b694e75e6741dcee31f45', '127.0.0.1', 1728446977, _binary 0x5f5f63695f6c6173745f726567656e65726174657c693a313732383434363937373b69645f75736572737c733a313a2231223b69645f6a61626174616e7c733a313a2231223b757365726e616d657c733a353a2261646d696e223b656d61696c7c733a31343a2261646d696e406d61696c2e636f6d223b70617373776f72647c733a33323a223231323332663239376135376135613734333839346130653461383031666333223b),
	('fe0b3162bd4c92d039142b2fba1e748e612b77fb', '127.0.0.1', 1728447466, _binary 0x5f5f63695f6c6173745f726567656e65726174657c693a313732383434373436363b69645f75736572737c733a313a2231223b69645f6a61626174616e7c733a313a2231223b757365726e616d657c733a353a2261646d696e223b656d61696c7c733a31343a2261646d696e406d61696c2e636f6d223b70617373776f72647c733a33323a223231323332663239376135376135613734333839346130653461383031666333223b),
	('9d3f3cda9315a9191bad5766054f0f494d890d71', '127.0.0.1', 1728447976, _binary 0x5f5f63695f6c6173745f726567656e65726174657c693a313732383434373937363b69645f75736572737c733a313a2231223b69645f6a61626174616e7c733a313a2231223b757365726e616d657c733a353a2261646d696e223b656d61696c7c733a31343a2261646d696e406d61696c2e636f6d223b70617373776f72647c733a33323a223231323332663239376135376135613734333839346130653461383031666333223b),
	('dc92777a1215dc9a13398f3f800d87e614e9e021', '127.0.0.1', 1728448384, _binary 0x5f5f63695f6c6173745f726567656e65726174657c693a313732383434383338343b69645f75736572737c733a313a2231223b69645f6a61626174616e7c733a313a2231223b757365726e616d657c733a353a2261646d696e223b656d61696c7c733a31343a2261646d696e406d61696c2e636f6d223b70617373776f72647c733a33323a223231323332663239376135376135613734333839346130653461383031666333223b),
	('81b550c9cc39fc22b52e2d34a023763ada02f799', '127.0.0.1', 1728448844, _binary 0x5f5f63695f6c6173745f726567656e65726174657c693a313732383434383834343b69645f75736572737c733a313a2231223b69645f6a61626174616e7c733a313a2231223b757365726e616d657c733a353a2261646d696e223b656d61696c7c733a31343a2261646d696e406d61696c2e636f6d223b70617373776f72647c733a33323a223231323332663239376135376135613734333839346130653461383031666333223b),
	('d1e5c94b627b084a7e2fcffe4b921c5e15d0ccd4', '127.0.0.1', 1728449196, _binary 0x5f5f63695f6c6173745f726567656e65726174657c693a313732383434393139363b69645f75736572737c733a313a2231223b69645f6a61626174616e7c733a313a2231223b757365726e616d657c733a353a2261646d696e223b656d61696c7c733a31343a2261646d696e406d61696c2e636f6d223b70617373776f72647c733a33323a223231323332663239376135376135613734333839346130653461383031666333223b),
	('a1cfbeb0689ef8fe20df972337f425e66e5aa90b', '127.0.0.1', 1728449408, _binary 0x5f5f63695f6c6173745f726567656e65726174657c693a313732383434393139363b69645f75736572737c733a313a2231223b69645f6a61626174616e7c733a313a2231223b757365726e616d657c733a353a2261646d696e223b656d61696c7c733a31343a2261646d696e406d61696c2e636f6d223b70617373776f72647c733a33323a223231323332663239376135376135613734333839346130653461383031666333223b);

/*!40103 SET TIME_ZONE=IFNULL(@OLD_TIME_ZONE, 'system') */;
/*!40101 SET SQL_MODE=IFNULL(@OLD_SQL_MODE, '') */;
/*!40014 SET FOREIGN_KEY_CHECKS=IFNULL(@OLD_FOREIGN_KEY_CHECKS, 1) */;
/*!40101 SET CHARACTER_SET_CLIENT=@OLD_CHARACTER_SET_CLIENT */;
/*!40111 SET SQL_NOTES=IFNULL(@OLD_SQL_NOTES, 1) */;
